ISO-10303-21;
HEADER;
/* Generated by software containing ST-Developer
 * from STEP Tools, Inc. (www.steptools.com) 
 */

FILE_DESCRIPTION(
/* description */ (''),
/* implementation_level */ '2;1');

FILE_NAME(
/* name */ 'Box.step',
/* time_stamp */ '2026-07-30T20:26:02-07:00',
/* author */ (''),
/* organization */ (''),
/* preprocessor_version */ 'ST-DEVELOPER v20.1',
/* originating_system */ 'Autodesk Translation Framework v15.8.0.0',
/* authorisation */ '');

FILE_SCHEMA (('AUTOMOTIVE_DESIGN { 1 0 10303 214 3 1 1 }'));
ENDSEC;

DATA;
#10=MECHANICAL_DESIGN_GEOMETRIC_PRESENTATION_REPRESENTATION('',(#13),#2692);
#11=SHAPE_REPRESENTATION_RELATIONSHIP('SRR','None',#2699,#12);
#12=ADVANCED_BREP_SHAPE_REPRESENTATION('',(#14),#2691);
#13=STYLED_ITEM('',(#2709),#14);
#14=MANIFOLD_SOLID_BREP('Body1',#1642);
#15=SPHERICAL_SURFACE('',#1718,1.5);
#16=SPHERICAL_SURFACE('',#1724,1.5);
#17=SPHERICAL_SURFACE('',#1731,1.5);
#18=SPHERICAL_SURFACE('',#1737,1.5);
#19=CONICAL_SURFACE('',#1713,9.,0.523598775598298);
#20=CONICAL_SURFACE('',#1717,9.,0.523598775598298);
#21=CYLINDRICAL_SURFACE('',#1686,0.750000000000002);
#22=CYLINDRICAL_SURFACE('',#1691,0.750000000000002);
#23=CYLINDRICAL_SURFACE('',#1696,0.750000000000002);
#24=CYLINDRICAL_SURFACE('',#1701,0.750000000000002);
#25=CYLINDRICAL_SURFACE('',#1706,12.25);
#26=CYLINDRICAL_SURFACE('',#1708,12.25);
#27=CYLINDRICAL_SURFACE('',#1710,9.);
#28=CYLINDRICAL_SURFACE('',#1715,9.);
#29=CYLINDRICAL_SURFACE('',#1722,1.5);
#30=CYLINDRICAL_SURFACE('',#1728,1.5);
#31=CYLINDRICAL_SURFACE('',#1730,1.5);
#32=CYLINDRICAL_SURFACE('',#1735,1.5);
#33=CYLINDRICAL_SURFACE('',#1741,1.5);
#34=CYLINDRICAL_SURFACE('',#1743,1.5);
#35=CYLINDRICAL_SURFACE('',#1744,1.5);
#36=CYLINDRICAL_SURFACE('',#1745,1.5);
#37=CYLINDRICAL_SURFACE('',#1753,12.25);
#38=FACE_BOUND('',#183,.T.);
#39=FACE_BOUND('',#184,.T.);
#40=FACE_BOUND('',#193,.T.);
#41=FACE_BOUND('',#194,.T.);
#42=FACE_BOUND('',#238,.T.);
#43=FACE_BOUND('',#239,.T.);
#44=FACE_BOUND('',#240,.T.);
#45=FACE_BOUND('',#242,.T.);
#46=FACE_BOUND('',#267,.T.);
#47=FACE_BOUND('',#273,.T.);
#48=FACE_BOUND('',#275,.T.);
#49=FACE_BOUND('',#277,.T.);
#50=FACE_BOUND('',#278,.T.);
#51=FACE_BOUND('',#279,.T.);
#52=FACE_BOUND('',#281,.T.);
#53=CIRCLE('',#1660,12.25);
#54=CIRCLE('',#1669,12.25);
#55=CIRCLE('',#1677,9.);
#56=CIRCLE('',#1678,9.);
#57=CIRCLE('',#1680,9.);
#58=CIRCLE('',#1684,9.);
#59=CIRCLE('',#1685,9.);
#60=CIRCLE('',#1687,0.750000000000002);
#61=CIRCLE('',#1688,0.750000000000002);
#62=CIRCLE('',#1692,0.750000000000002);
#63=CIRCLE('',#1693,0.750000000000002);
#64=CIRCLE('',#1697,0.750000000000002);
#65=CIRCLE('',#1698,0.750000000000002);
#66=CIRCLE('',#1702,0.750000000000002);
#67=CIRCLE('',#1703,0.750000000000002);
#68=CIRCLE('',#1707,12.25);
#69=CIRCLE('',#1709,12.25);
#70=CIRCLE('',#1711,9.);
#71=CIRCLE('',#1712,9.);
#72=CIRCLE('',#1716,9.);
#73=CIRCLE('',#1719,1.5);
#74=CIRCLE('',#1720,1.5);
#75=CIRCLE('',#1721,1.5);
#76=CIRCLE('',#1723,1.5);
#77=CIRCLE('',#1725,1.49999999999999);
#78=CIRCLE('',#1726,1.5);
#79=CIRCLE('',#1727,1.5);
#80=CIRCLE('',#1729,1.5);
#81=CIRCLE('',#1732,1.5);
#82=CIRCLE('',#1733,1.5);
#83=CIRCLE('',#1734,1.5);
#84=CIRCLE('',#1736,1.5);
#85=CIRCLE('',#1738,1.49999999999999);
#86=CIRCLE('',#1739,1.5);
#87=CIRCLE('',#1740,1.5);
#88=CIRCLE('',#1742,1.5);
#89=CIRCLE('',#1754,12.25);
#90=CIRCLE('',#1755,12.25);
#91=FACE_OUTER_BOUND('',#179,.T.);
#92=FACE_OUTER_BOUND('',#180,.T.);
#93=FACE_OUTER_BOUND('',#181,.T.);
#94=FACE_OUTER_BOUND('',#182,.T.);
#95=FACE_OUTER_BOUND('',#185,.T.);
#96=FACE_OUTER_BOUND('',#186,.T.);
#97=FACE_OUTER_BOUND('',#187,.T.);
#98=FACE_OUTER_BOUND('',#188,.T.);
#99=FACE_OUTER_BOUND('',#189,.T.);
#100=FACE_OUTER_BOUND('',#190,.T.);
#101=FACE_OUTER_BOUND('',#191,.T.);
#102=FACE_OUTER_BOUND('',#192,.T.);
#103=FACE_OUTER_BOUND('',#195,.T.);
#104=FACE_OUTER_BOUND('',#196,.T.);
#105=FACE_OUTER_BOUND('',#197,.T.);
#106=FACE_OUTER_BOUND('',#198,.T.);
#107=FACE_OUTER_BOUND('',#199,.T.);
#108=FACE_OUTER_BOUND('',#200,.T.);
#109=FACE_OUTER_BOUND('',#201,.T.);
#110=FACE_OUTER_BOUND('',#202,.T.);
#111=FACE_OUTER_BOUND('',#203,.T.);
#112=FACE_OUTER_BOUND('',#204,.T.);
#113=FACE_OUTER_BOUND('',#205,.T.);
#114=FACE_OUTER_BOUND('',#206,.T.);
#115=FACE_OUTER_BOUND('',#207,.T.);
#116=FACE_OUTER_BOUND('',#208,.T.);
#117=FACE_OUTER_BOUND('',#209,.T.);
#118=FACE_OUTER_BOUND('',#210,.T.);
#119=FACE_OUTER_BOUND('',#211,.T.);
#120=FACE_OUTER_BOUND('',#212,.T.);
#121=FACE_OUTER_BOUND('',#213,.T.);
#122=FACE_OUTER_BOUND('',#214,.T.);
#123=FACE_OUTER_BOUND('',#215,.T.);
#124=FACE_OUTER_BOUND('',#216,.T.);
#125=FACE_OUTER_BOUND('',#217,.T.);
#126=FACE_OUTER_BOUND('',#218,.T.);
#127=FACE_OUTER_BOUND('',#219,.T.);
#128=FACE_OUTER_BOUND('',#220,.T.);
#129=FACE_OUTER_BOUND('',#221,.T.);
#130=FACE_OUTER_BOUND('',#222,.T.);
#131=FACE_OUTER_BOUND('',#223,.T.);
#132=FACE_OUTER_BOUND('',#224,.T.);
#133=FACE_OUTER_BOUND('',#225,.T.);
#134=FACE_OUTER_BOUND('',#226,.T.);
#135=FACE_OUTER_BOUND('',#227,.T.);
#136=FACE_OUTER_BOUND('',#228,.T.);
#137=FACE_OUTER_BOUND('',#229,.T.);
#138=FACE_OUTER_BOUND('',#230,.T.);
#139=FACE_OUTER_BOUND('',#231,.T.);
#140=FACE_OUTER_BOUND('',#232,.T.);
#141=FACE_OUTER_BOUND('',#233,.T.);
#142=FACE_OUTER_BOUND('',#234,.T.);
#143=FACE_OUTER_BOUND('',#235,.T.);
#144=FACE_OUTER_BOUND('',#236,.T.);
#145=FACE_OUTER_BOUND('',#237,.T.);
#146=FACE_OUTER_BOUND('',#241,.T.);
#147=FACE_OUTER_BOUND('',#243,.T.);
#148=FACE_OUTER_BOUND('',#244,.T.);
#149=FACE_OUTER_BOUND('',#245,.T.);
#150=FACE_OUTER_BOUND('',#246,.T.);
#151=FACE_OUTER_BOUND('',#247,.T.);
#152=FACE_OUTER_BOUND('',#248,.T.);
#153=FACE_OUTER_BOUND('',#249,.T.);
#154=FACE_OUTER_BOUND('',#250,.T.);
#155=FACE_OUTER_BOUND('',#251,.T.);
#156=FACE_OUTER_BOUND('',#252,.T.);
#157=FACE_OUTER_BOUND('',#253,.T.);
#158=FACE_OUTER_BOUND('',#254,.T.);
#159=FACE_OUTER_BOUND('',#255,.T.);
#160=FACE_OUTER_BOUND('',#256,.T.);
#161=FACE_OUTER_BOUND('',#257,.T.);
#162=FACE_OUTER_BOUND('',#258,.T.);
#163=FACE_OUTER_BOUND('',#259,.T.);
#164=FACE_OUTER_BOUND('',#260,.T.);
#165=FACE_OUTER_BOUND('',#261,.T.);
#166=FACE_OUTER_BOUND('',#262,.T.);
#167=FACE_OUTER_BOUND('',#263,.T.);
#168=FACE_OUTER_BOUND('',#264,.T.);
#169=FACE_OUTER_BOUND('',#265,.T.);
#170=FACE_OUTER_BOUND('',#266,.T.);
#171=FACE_OUTER_BOUND('',#268,.T.);
#172=FACE_OUTER_BOUND('',#269,.T.);
#173=FACE_OUTER_BOUND('',#270,.T.);
#174=FACE_OUTER_BOUND('',#271,.T.);
#175=FACE_OUTER_BOUND('',#272,.T.);
#176=FACE_OUTER_BOUND('',#274,.T.);
#177=FACE_OUTER_BOUND('',#276,.T.);
#178=FACE_OUTER_BOUND('',#280,.T.);
#179=EDGE_LOOP('',(#1035,#1036,#1037,#1038));
#180=EDGE_LOOP('',(#1039,#1040,#1041,#1042));
#181=EDGE_LOOP('',(#1043,#1044,#1045,#1046));
#182=EDGE_LOOP('',(#1047,#1048,#1049,#1050,#1051,#1052,#1053,#1054,#1055,
#1056,#1057,#1058));
#183=EDGE_LOOP('',(#1059));
#184=EDGE_LOOP('',(#1060,#1061,#1062,#1063,#1064));
#185=EDGE_LOOP('',(#1065,#1066,#1067,#1068));
#186=EDGE_LOOP('',(#1069,#1070,#1071,#1072));
#187=EDGE_LOOP('',(#1073,#1074,#1075,#1076));
#188=EDGE_LOOP('',(#1077,#1078,#1079,#1080,#1081,#1082,#1083,#1084,#1085,
#1086,#1087,#1088,#1089,#1090,#1091,#1092,#1093,#1094,#1095,#1096,#1097,
#1098,#1099,#1100));
#189=EDGE_LOOP('',(#1101,#1102,#1103,#1104));
#190=EDGE_LOOP('',(#1105,#1106,#1107,#1108));
#191=EDGE_LOOP('',(#1109,#1110,#1111,#1112,#1113,#1114));
#192=EDGE_LOOP('',(#1115,#1116,#1117,#1118,#1119,#1120,#1121,#1122,#1123,
#1124,#1125,#1126));
#193=EDGE_LOOP('',(#1127));
#194=EDGE_LOOP('',(#1128,#1129,#1130,#1131,#1132));
#195=EDGE_LOOP('',(#1133,#1134,#1135,#1136));
#196=EDGE_LOOP('',(#1137,#1138,#1139,#1140));
#197=EDGE_LOOP('',(#1141,#1142,#1143,#1144,#1145,#1146));
#198=EDGE_LOOP('',(#1147,#1148,#1149,#1150));
#199=EDGE_LOOP('',(#1151,#1152,#1153,#1154));
#200=EDGE_LOOP('',(#1155,#1156,#1157,#1158));
#201=EDGE_LOOP('',(#1159,#1160,#1161,#1162,#1163));
#202=EDGE_LOOP('',(#1164,#1165,#1166));
#203=EDGE_LOOP('',(#1167,#1168,#1169,#1170));
#204=EDGE_LOOP('',(#1171,#1172,#1173,#1174));
#205=EDGE_LOOP('',(#1175,#1176,#1177,#1178,#1179));
#206=EDGE_LOOP('',(#1180,#1181,#1182,#1183));
#207=EDGE_LOOP('',(#1184,#1185));
#208=EDGE_LOOP('',(#1186,#1187));
#209=EDGE_LOOP('',(#1188,#1189,#1190,#1191));
#210=EDGE_LOOP('',(#1192,#1193));
#211=EDGE_LOOP('',(#1194,#1195));
#212=EDGE_LOOP('',(#1196,#1197,#1198,#1199));
#213=EDGE_LOOP('',(#1200,#1201));
#214=EDGE_LOOP('',(#1202,#1203));
#215=EDGE_LOOP('',(#1204,#1205,#1206,#1207));
#216=EDGE_LOOP('',(#1208,#1209));
#217=EDGE_LOOP('',(#1210,#1211));
#218=EDGE_LOOP('',(#1212,#1213,#1214,#1215));
#219=EDGE_LOOP('',(#1216,#1217,#1218,#1219));
#220=EDGE_LOOP('',(#1220,#1221,#1222,#1223,#1224,#1225,#1226,#1227));
#221=EDGE_LOOP('',(#1228,#1229,#1230));
#222=EDGE_LOOP('',(#1231,#1232,#1233));
#223=EDGE_LOOP('',(#1234,#1235,#1236,#1237,#1238,#1239,#1240,#1241));
#224=EDGE_LOOP('',(#1242,#1243,#1244));
#225=EDGE_LOOP('',(#1245,#1246,#1247));
#226=EDGE_LOOP('',(#1248,#1249,#1250,#1251));
#227=EDGE_LOOP('',(#1252,#1253,#1254));
#228=EDGE_LOOP('',(#1255,#1256,#1257,#1258));
#229=EDGE_LOOP('',(#1259,#1260,#1261,#1262));
#230=EDGE_LOOP('',(#1263,#1264,#1265));
#231=EDGE_LOOP('',(#1266,#1267,#1268,#1269));
#232=EDGE_LOOP('',(#1270,#1271,#1272));
#233=EDGE_LOOP('',(#1273,#1274,#1275,#1276));
#234=EDGE_LOOP('',(#1277,#1278,#1279,#1280));
#235=EDGE_LOOP('',(#1281,#1282,#1283,#1284));
#236=EDGE_LOOP('',(#1285,#1286,#1287,#1288));
#237=EDGE_LOOP('',(#1289,#1290,#1291,#1292));
#238=EDGE_LOOP('',(#1293,#1294,#1295,#1296));
#239=EDGE_LOOP('',(#1297,#1298,#1299,#1300));
#240=EDGE_LOOP('',(#1301));
#241=EDGE_LOOP('',(#1302,#1303,#1304,#1305));
#242=EDGE_LOOP('',(#1306,#1307,#1308,#1309));
#243=EDGE_LOOP('',(#1310,#1311,#1312,#1313));
#244=EDGE_LOOP('',(#1314,#1315,#1316,#1317));
#245=EDGE_LOOP('',(#1318,#1319,#1320,#1321));
#246=EDGE_LOOP('',(#1322,#1323,#1324,#1325));
#247=EDGE_LOOP('',(#1326,#1327,#1328,#1329));
#248=EDGE_LOOP('',(#1330,#1331,#1332,#1333));
#249=EDGE_LOOP('',(#1334,#1335,#1336,#1337));
#250=EDGE_LOOP('',(#1338,#1339,#1340,#1341));
#251=EDGE_LOOP('',(#1342,#1343,#1344,#1345));
#252=EDGE_LOOP('',(#1346,#1347,#1348,#1349));
#253=EDGE_LOOP('',(#1350,#1351,#1352,#1353));
#254=EDGE_LOOP('',(#1354,#1355,#1356,#1357,#1358,#1359));
#255=EDGE_LOOP('',(#1360,#1361,#1362,#1363,#1364,#1365));
#256=EDGE_LOOP('',(#1366,#1367,#1368,#1369));
#257=EDGE_LOOP('',(#1370,#1371,#1372,#1373));
#258=EDGE_LOOP('',(#1374,#1375,#1376,#1377,#1378,#1379));
#259=EDGE_LOOP('',(#1380,#1381,#1382,#1383,#1384,#1385));
#260=EDGE_LOOP('',(#1386,#1387,#1388,#1389));
#261=EDGE_LOOP('',(#1390,#1391,#1392,#1393));
#262=EDGE_LOOP('',(#1394,#1395,#1396,#1397,#1398,#1399));
#263=EDGE_LOOP('',(#1400,#1401,#1402,#1403));
#264=EDGE_LOOP('',(#1404,#1405,#1406,#1407));
#265=EDGE_LOOP('',(#1408,#1409,#1410,#1411));
#266=EDGE_LOOP('',(#1412,#1413,#1414,#1415,#1416,#1417,#1418,#1419,#1420,
#1421,#1422,#1423));
#267=EDGE_LOOP('',(#1424,#1425,#1426,#1427));
#268=EDGE_LOOP('',(#1428,#1429,#1430,#1431));
#269=EDGE_LOOP('',(#1432,#1433,#1434,#1435,#1436,#1437));
#270=EDGE_LOOP('',(#1438,#1439,#1440,#1441));
#271=EDGE_LOOP('',(#1442,#1443,#1444,#1445));
#272=EDGE_LOOP('',(#1446,#1447,#1448,#1449,#1450,#1451,#1452,#1453,#1454,
#1455,#1456,#1457));
#273=EDGE_LOOP('',(#1458));
#274=EDGE_LOOP('',(#1459,#1460,#1461,#1462,#1463,#1464,#1465,#1466));
#275=EDGE_LOOP('',(#1467,#1468,#1469,#1470));
#276=EDGE_LOOP('',(#1471,#1472,#1473,#1474));
#277=EDGE_LOOP('',(#1475,#1476,#1477,#1478));
#278=EDGE_LOOP('',(#1479,#1480,#1481,#1482));
#279=EDGE_LOOP('',(#1483));
#280=EDGE_LOOP('',(#1484,#1485,#1486,#1487));
#281=EDGE_LOOP('',(#1488));
#282=LINE('',#2229,#471);
#283=LINE('',#2231,#472);
#284=LINE('',#2233,#473);
#285=LINE('',#2234,#474);
#286=LINE('',#2237,#475);
#287=LINE('',#2239,#476);
#288=LINE('',#2240,#477);
#289=LINE('',#2243,#478);
#290=LINE('',#2244,#479);
#291=LINE('',#2247,#480);
#292=LINE('',#2249,#481);
#293=LINE('',#2251,#482);
#294=LINE('',#2253,#483);
#295=LINE('',#2255,#484);
#296=LINE('',#2257,#485);
#297=LINE('',#2259,#486);
#298=LINE('',#2261,#487);
#299=LINE('',#2263,#488);
#300=LINE('',#2264,#489);
#301=LINE('',#2269,#490);
#302=LINE('',#2271,#491);
#303=LINE('',#2273,#492);
#304=LINE('',#2275,#493);
#305=LINE('',#2276,#494);
#306=LINE('',#2280,#495);
#307=LINE('',#2282,#496);
#308=LINE('',#2284,#497);
#309=LINE('',#2285,#498);
#310=LINE('',#2288,#499);
#311=LINE('',#2290,#500);
#312=LINE('',#2291,#501);
#313=LINE('',#2294,#502);
#314=LINE('',#2295,#503);
#315=LINE('',#2298,#504);
#316=LINE('',#2300,#505);
#317=LINE('',#2302,#506);
#318=LINE('',#2304,#507);
#319=LINE('',#2305,#508);
#320=LINE('',#2307,#509);
#321=LINE('',#2309,#510);
#322=LINE('',#2311,#511);
#323=LINE('',#2313,#512);
#324=LINE('',#2315,#513);
#325=LINE('',#2317,#514);
#326=LINE('',#2319,#515);
#327=LINE('',#2321,#516);
#328=LINE('',#2323,#517);
#329=LINE('',#2324,#518);
#330=LINE('',#2326,#519);
#331=LINE('',#2328,#520);
#332=LINE('',#2329,#521);
#333=LINE('',#2333,#522);
#334=LINE('',#2335,#523);
#335=LINE('',#2337,#524);
#336=LINE('',#2338,#525);
#337=LINE('',#2341,#526);
#338=LINE('',#2343,#527);
#339=LINE('',#2344,#528);
#340=LINE('',#2347,#529);
#341=LINE('',#2349,#530);
#342=LINE('',#2351,#531);
#343=LINE('',#2352,#532);
#344=LINE('',#2355,#533);
#345=LINE('',#2357,#534);
#346=LINE('',#2359,#535);
#347=LINE('',#2361,#536);
#348=LINE('',#2362,#537);
#349=LINE('',#2363,#538);
#350=LINE('',#2364,#539);
#351=LINE('',#2369,#540);
#352=LINE('',#2371,#541);
#353=LINE('',#2373,#542);
#354=LINE('',#2375,#543);
#355=LINE('',#2376,#544);
#356=LINE('',#2380,#545);
#357=LINE('',#2382,#546);
#358=LINE('',#2384,#547);
#359=LINE('',#2385,#548);
#360=LINE('',#2388,#549);
#361=LINE('',#2390,#550);
#362=LINE('',#2391,#551);
#363=LINE('',#2394,#552);
#364=LINE('',#2395,#553);
#365=LINE('',#2396,#554);
#366=LINE('',#2399,#555);
#367=LINE('',#2400,#556);
#368=LINE('',#2404,#557);
#369=LINE('',#2406,#558);
#370=LINE('',#2408,#559);
#371=LINE('',#2409,#560);
#372=LINE('',#2412,#561);
#373=LINE('',#2414,#562);
#374=LINE('',#2415,#563);
#375=LINE('',#2424,#564);
#376=LINE('',#2426,#565);
#377=LINE('',#2428,#566);
#378=LINE('',#2429,#567);
#379=LINE('',#2432,#568);
#380=LINE('',#2434,#569);
#381=LINE('',#2435,#570);
#382=LINE('',#2444,#571);
#383=LINE('',#2447,#572);
#384=LINE('',#2449,#573);
#385=LINE('',#2451,#574);
#386=LINE('',#2457,#575);
#387=LINE('',#2460,#576);
#388=LINE('',#2462,#577);
#389=LINE('',#2464,#578);
#390=LINE('',#2470,#579);
#391=LINE('',#2473,#580);
#392=LINE('',#2475,#581);
#393=LINE('',#2477,#582);
#394=LINE('',#2483,#583);
#395=LINE('',#2486,#584);
#396=LINE('',#2488,#585);
#397=LINE('',#2490,#586);
#398=LINE('',#2493,#587);
#399=LINE('',#2498,#588);
#400=LINE('',#2518,#589);
#401=LINE('',#2519,#590);
#402=LINE('',#2531,#591);
#403=LINE('',#2532,#592);
#404=LINE('',#2534,#593);
#405=LINE('',#2535,#594);
#406=LINE('',#2547,#595);
#407=LINE('',#2548,#596);
#408=LINE('',#2560,#597);
#409=LINE('',#2561,#598);
#410=LINE('',#2563,#599);
#411=LINE('',#2564,#600);
#412=LINE('',#2566,#601);
#413=LINE('',#2567,#602);
#414=LINE('',#2569,#603);
#415=LINE('',#2570,#604);
#416=LINE('',#2572,#605);
#417=LINE('',#2574,#606);
#418=LINE('',#2577,#607);
#419=LINE('',#2579,#608);
#420=LINE('',#2581,#609);
#421=LINE('',#2582,#610);
#422=LINE('',#2586,#611);
#423=LINE('',#2588,#612);
#424=LINE('',#2589,#613);
#425=LINE('',#2592,#614);
#426=LINE('',#2593,#615);
#427=LINE('',#2596,#616);
#428=LINE('',#2597,#617);
#429=LINE('',#2599,#618);
#430=LINE('',#2604,#619);
#431=LINE('',#2608,#620);
#432=LINE('',#2610,#621);
#433=LINE('',#2611,#622);
#434=LINE('',#2614,#623);
#435=LINE('',#2615,#624);
#436=LINE('',#2618,#625);
#437=LINE('',#2619,#626);
#438=LINE('',#2621,#627);
#439=LINE('',#2623,#628);
#440=LINE('',#2626,#629);
#441=LINE('',#2627,#630);
#442=LINE('',#2629,#631);
#443=LINE('',#2632,#632);
#444=LINE('',#2634,#633);
#445=LINE('',#2639,#634);
#446=LINE('',#2641,#635);
#447=LINE('',#2643,#636);
#448=LINE('',#2644,#637);
#449=LINE('',#2646,#638);
#450=LINE('',#2647,#639);
#451=LINE('',#2650,#640);
#452=LINE('',#2651,#641);
#453=LINE('',#2654,#642);
#454=LINE('',#2655,#643);
#455=LINE('',#2659,#644);
#456=LINE('',#2661,#645);
#457=LINE('',#2663,#646);
#458=LINE('',#2664,#647);
#459=LINE('',#2666,#648);
#460=LINE('',#2667,#649);
#461=LINE('',#2669,#650);
#462=LINE('',#2671,#651);
#463=LINE('',#2672,#652);
#464=LINE('',#2673,#653);
#465=LINE('',#2676,#654);
#466=LINE('',#2677,#655);
#467=LINE('',#2679,#656);
#468=LINE('',#2683,#657);
#469=LINE('',#2685,#658);
#470=LINE('',#2686,#659);
#471=VECTOR('',#1786,10.);
#472=VECTOR('',#1787,10.);
#473=VECTOR('',#1788,10.);
#474=VECTOR('',#1789,10.);
#475=VECTOR('',#1792,10.);
#476=VECTOR('',#1793,10.);
#477=VECTOR('',#1794,10.);
#478=VECTOR('',#1797,10.);
#479=VECTOR('',#1798,10.);
#480=VECTOR('',#1801,10.);
#481=VECTOR('',#1802,10.);
#482=VECTOR('',#1803,10.);
#483=VECTOR('',#1804,10.);
#484=VECTOR('',#1805,10.);
#485=VECTOR('',#1806,10.);
#486=VECTOR('',#1807,10.);
#487=VECTOR('',#1808,10.);
#488=VECTOR('',#1809,10.);
#489=VECTOR('',#1810,10.);
#490=VECTOR('',#1813,10.);
#491=VECTOR('',#1814,10.);
#492=VECTOR('',#1815,10.);
#493=VECTOR('',#1816,10.);
#494=VECTOR('',#1817,10.);
#495=VECTOR('',#1820,10.);
#496=VECTOR('',#1821,10.);
#497=VECTOR('',#1822,10.);
#498=VECTOR('',#1823,10.);
#499=VECTOR('',#1826,10.);
#500=VECTOR('',#1827,10.);
#501=VECTOR('',#1828,10.);
#502=VECTOR('',#1831,10.);
#503=VECTOR('',#1832,10.);
#504=VECTOR('',#1835,10.);
#505=VECTOR('',#1836,10.);
#506=VECTOR('',#1837,10.);
#507=VECTOR('',#1838,10.);
#508=VECTOR('',#1839,10.);
#509=VECTOR('',#1840,10.);
#510=VECTOR('',#1841,10.);
#511=VECTOR('',#1842,10.);
#512=VECTOR('',#1843,10.);
#513=VECTOR('',#1844,10.);
#514=VECTOR('',#1845,10.);
#515=VECTOR('',#1846,10.);
#516=VECTOR('',#1847,10.);
#517=VECTOR('',#1848,10.);
#518=VECTOR('',#1849,10.);
#519=VECTOR('',#1850,10.);
#520=VECTOR('',#1851,10.);
#521=VECTOR('',#1852,10.);
#522=VECTOR('',#1855,10.);
#523=VECTOR('',#1856,10.);
#524=VECTOR('',#1857,10.);
#525=VECTOR('',#1858,10.);
#526=VECTOR('',#1861,10.);
#527=VECTOR('',#1862,10.);
#528=VECTOR('',#1863,10.);
#529=VECTOR('',#1866,10.);
#530=VECTOR('',#1867,10.);
#531=VECTOR('',#1868,10.);
#532=VECTOR('',#1869,10.);
#533=VECTOR('',#1872,10.);
#534=VECTOR('',#1873,10.);
#535=VECTOR('',#1874,10.);
#536=VECTOR('',#1875,10.);
#537=VECTOR('',#1876,10.);
#538=VECTOR('',#1877,10.);
#539=VECTOR('',#1878,10.);
#540=VECTOR('',#1881,10.);
#541=VECTOR('',#1882,10.);
#542=VECTOR('',#1883,10.);
#543=VECTOR('',#1884,10.);
#544=VECTOR('',#1885,10.);
#545=VECTOR('',#1888,10.);
#546=VECTOR('',#1889,10.);
#547=VECTOR('',#1890,10.);
#548=VECTOR('',#1891,10.);
#549=VECTOR('',#1894,10.);
#550=VECTOR('',#1895,10.);
#551=VECTOR('',#1896,10.);
#552=VECTOR('',#1899,10.);
#553=VECTOR('',#1900,10.);
#554=VECTOR('',#1901,10.);
#555=VECTOR('',#1904,10.);
#556=VECTOR('',#1905,10.);
#557=VECTOR('',#1908,10.);
#558=VECTOR('',#1909,10.);
#559=VECTOR('',#1910,10.);
#560=VECTOR('',#1911,10.);
#561=VECTOR('',#1914,10.);
#562=VECTOR('',#1915,10.);
#563=VECTOR('',#1916,10.);
#564=VECTOR('',#1929,10.);
#565=VECTOR('',#1930,10.);
#566=VECTOR('',#1931,10.);
#567=VECTOR('',#1932,10.);
#568=VECTOR('',#1935,10.);
#569=VECTOR('',#1936,10.);
#570=VECTOR('',#1937,10.);
#571=VECTOR('',#1948,10.);
#572=VECTOR('',#1951,10.);
#573=VECTOR('',#1954,10.);
#574=VECTOR('',#1957,10.);
#575=VECTOR('',#1962,10.);
#576=VECTOR('',#1965,10.);
#577=VECTOR('',#1968,10.);
#578=VECTOR('',#1971,10.);
#579=VECTOR('',#1976,10.);
#580=VECTOR('',#1979,10.);
#581=VECTOR('',#1982,10.);
#582=VECTOR('',#1985,10.);
#583=VECTOR('',#1990,10.);
#584=VECTOR('',#1993,10.);
#585=VECTOR('',#1996,10.);
#586=VECTOR('',#1999,10.);
#587=VECTOR('',#2002,12.25);
#588=VECTOR('',#2009,12.25);
#589=VECTOR('',#2038,10.);
#590=VECTOR('',#2039,10.);
#591=VECTOR('',#2052,10.);
#592=VECTOR('',#2053,10.);
#593=VECTOR('',#2056,10.);
#594=VECTOR('',#2057,10.);
#595=VECTOR('',#2070,10.);
#596=VECTOR('',#2071,10.);
#597=VECTOR('',#2084,10.);
#598=VECTOR('',#2085,10.);
#599=VECTOR('',#2088,10.);
#600=VECTOR('',#2089,10.);
#601=VECTOR('',#2092,10.);
#602=VECTOR('',#2093,10.);
#603=VECTOR('',#2096,10.);
#604=VECTOR('',#2097,10.);
#605=VECTOR('',#2100,10.);
#606=VECTOR('',#2103,10.);
#607=VECTOR('',#2104,10.);
#608=VECTOR('',#2105,10.);
#609=VECTOR('',#2106,10.);
#610=VECTOR('',#2107,10.);
#611=VECTOR('',#2112,10.);
#612=VECTOR('',#2113,10.);
#613=VECTOR('',#2114,10.);
#614=VECTOR('',#2117,10.);
#615=VECTOR('',#2118,10.);
#616=VECTOR('',#2121,10.);
#617=VECTOR('',#2122,10.);
#618=VECTOR('',#2125,10.);
#619=VECTOR('',#2130,12.25);
#620=VECTOR('',#2135,10.);
#621=VECTOR('',#2136,10.);
#622=VECTOR('',#2137,10.);
#623=VECTOR('',#2140,10.);
#624=VECTOR('',#2141,10.);
#625=VECTOR('',#2144,10.);
#626=VECTOR('',#2145,10.);
#627=VECTOR('',#2148,10.);
#628=VECTOR('',#2151,10.);
#629=VECTOR('',#2154,10.);
#630=VECTOR('',#2155,10.);
#631=VECTOR('',#2158,10.);
#632=VECTOR('',#2163,10.);
#633=VECTOR('',#2166,10.);
#634=VECTOR('',#2171,10.);
#635=VECTOR('',#2172,10.);
#636=VECTOR('',#2173,10.);
#637=VECTOR('',#2174,10.);
#638=VECTOR('',#2177,10.);
#639=VECTOR('',#2178,10.);
#640=VECTOR('',#2181,10.);
#641=VECTOR('',#2182,10.);
#642=VECTOR('',#2185,10.);
#643=VECTOR('',#2186,10.);
#644=VECTOR('',#2189,10.);
#645=VECTOR('',#2190,10.);
#646=VECTOR('',#2191,10.);
#647=VECTOR('',#2192,10.);
#648=VECTOR('',#2195,10.);
#649=VECTOR('',#2196,10.);
#650=VECTOR('',#2199,10.);
#651=VECTOR('',#2200,10.);
#652=VECTOR('',#2201,10.);
#653=VECTOR('',#2202,10.);
#654=VECTOR('',#2205,10.);
#655=VECTOR('',#2206,10.);
#656=VECTOR('',#2209,10.);
#657=VECTOR('',#2216,10.);
#658=VECTOR('',#2219,10.);
#659=VECTOR('',#2220,10.);
#660=VERTEX_POINT('',#2227);
#661=VERTEX_POINT('',#2228);
#662=VERTEX_POINT('',#2230);
#663=VERTEX_POINT('',#2232);
#664=VERTEX_POINT('',#2236);
#665=VERTEX_POINT('',#2238);
#666=VERTEX_POINT('',#2242);
#667=VERTEX_POINT('',#2246);
#668=VERTEX_POINT('',#2248);
#669=VERTEX_POINT('',#2250);
#670=VERTEX_POINT('',#2252);
#671=VERTEX_POINT('',#2254);
#672=VERTEX_POINT('',#2256);
#673=VERTEX_POINT('',#2258);
#674=VERTEX_POINT('',#2260);
#675=VERTEX_POINT('',#2262);
#676=VERTEX_POINT('',#2265);
#677=VERTEX_POINT('',#2267);
#678=VERTEX_POINT('',#2268);
#679=VERTEX_POINT('',#2270);
#680=VERTEX_POINT('',#2272);
#681=VERTEX_POINT('',#2274);
#682=VERTEX_POINT('',#2278);
#683=VERTEX_POINT('',#2279);
#684=VERTEX_POINT('',#2281);
#685=VERTEX_POINT('',#2283);
#686=VERTEX_POINT('',#2287);
#687=VERTEX_POINT('',#2289);
#688=VERTEX_POINT('',#2293);
#689=VERTEX_POINT('',#2297);
#690=VERTEX_POINT('',#2299);
#691=VERTEX_POINT('',#2301);
#692=VERTEX_POINT('',#2303);
#693=VERTEX_POINT('',#2306);
#694=VERTEX_POINT('',#2308);
#695=VERTEX_POINT('',#2310);
#696=VERTEX_POINT('',#2312);
#697=VERTEX_POINT('',#2314);
#698=VERTEX_POINT('',#2316);
#699=VERTEX_POINT('',#2318);
#700=VERTEX_POINT('',#2320);
#701=VERTEX_POINT('',#2322);
#702=VERTEX_POINT('',#2325);
#703=VERTEX_POINT('',#2327);
#704=VERTEX_POINT('',#2331);
#705=VERTEX_POINT('',#2332);
#706=VERTEX_POINT('',#2334);
#707=VERTEX_POINT('',#2336);
#708=VERTEX_POINT('',#2340);
#709=VERTEX_POINT('',#2342);
#710=VERTEX_POINT('',#2346);
#711=VERTEX_POINT('',#2348);
#712=VERTEX_POINT('',#2350);
#713=VERTEX_POINT('',#2354);
#714=VERTEX_POINT('',#2356);
#715=VERTEX_POINT('',#2358);
#716=VERTEX_POINT('',#2360);
#717=VERTEX_POINT('',#2365);
#718=VERTEX_POINT('',#2367);
#719=VERTEX_POINT('',#2368);
#720=VERTEX_POINT('',#2370);
#721=VERTEX_POINT('',#2372);
#722=VERTEX_POINT('',#2374);
#723=VERTEX_POINT('',#2378);
#724=VERTEX_POINT('',#2379);
#725=VERTEX_POINT('',#2381);
#726=VERTEX_POINT('',#2383);
#727=VERTEX_POINT('',#2387);
#728=VERTEX_POINT('',#2389);
#729=VERTEX_POINT('',#2393);
#730=VERTEX_POINT('',#2398);
#731=VERTEX_POINT('',#2402);
#732=VERTEX_POINT('',#2403);
#733=VERTEX_POINT('',#2405);
#734=VERTEX_POINT('',#2407);
#735=VERTEX_POINT('',#2411);
#736=VERTEX_POINT('',#2413);
#737=VERTEX_POINT('',#2422);
#738=VERTEX_POINT('',#2423);
#739=VERTEX_POINT('',#2425);
#740=VERTEX_POINT('',#2427);
#741=VERTEX_POINT('',#2431);
#742=VERTEX_POINT('',#2433);
#743=VERTEX_POINT('',#2440);
#744=VERTEX_POINT('',#2441);
#745=VERTEX_POINT('',#2443);
#746=VERTEX_POINT('',#2445);
#747=VERTEX_POINT('',#2453);
#748=VERTEX_POINT('',#2454);
#749=VERTEX_POINT('',#2456);
#750=VERTEX_POINT('',#2458);
#751=VERTEX_POINT('',#2466);
#752=VERTEX_POINT('',#2467);
#753=VERTEX_POINT('',#2469);
#754=VERTEX_POINT('',#2471);
#755=VERTEX_POINT('',#2479);
#756=VERTEX_POINT('',#2480);
#757=VERTEX_POINT('',#2482);
#758=VERTEX_POINT('',#2484);
#759=VERTEX_POINT('',#2492);
#760=VERTEX_POINT('',#2496);
#761=VERTEX_POINT('',#2508);
#762=VERTEX_POINT('',#2509);
#763=VERTEX_POINT('',#2511);
#764=VERTEX_POINT('',#2515);
#765=VERTEX_POINT('',#2516);
#766=VERTEX_POINT('',#2521);
#767=VERTEX_POINT('',#2522);
#768=VERTEX_POINT('',#2524);
#769=VERTEX_POINT('',#2528);
#770=VERTEX_POINT('',#2529);
#771=VERTEX_POINT('',#2537);
#772=VERTEX_POINT('',#2538);
#773=VERTEX_POINT('',#2540);
#774=VERTEX_POINT('',#2544);
#775=VERTEX_POINT('',#2545);
#776=VERTEX_POINT('',#2550);
#777=VERTEX_POINT('',#2551);
#778=VERTEX_POINT('',#2553);
#779=VERTEX_POINT('',#2557);
#780=VERTEX_POINT('',#2558);
#781=VERTEX_POINT('',#2575);
#782=VERTEX_POINT('',#2576);
#783=VERTEX_POINT('',#2578);
#784=VERTEX_POINT('',#2580);
#785=VERTEX_POINT('',#2585);
#786=VERTEX_POINT('',#2587);
#787=VERTEX_POINT('',#2591);
#788=VERTEX_POINT('',#2595);
#789=VERTEX_POINT('',#2601);
#790=VERTEX_POINT('',#2603);
#791=VERTEX_POINT('',#2607);
#792=VERTEX_POINT('',#2609);
#793=VERTEX_POINT('',#2613);
#794=VERTEX_POINT('',#2617);
#795=VERTEX_POINT('',#2625);
#796=VERTEX_POINT('',#2637);
#797=VERTEX_POINT('',#2638);
#798=VERTEX_POINT('',#2640);
#799=VERTEX_POINT('',#2642);
#800=VERTEX_POINT('',#2649);
#801=VERTEX_POINT('',#2653);
#802=VERTEX_POINT('',#2657);
#803=VERTEX_POINT('',#2658);
#804=VERTEX_POINT('',#2660);
#805=VERTEX_POINT('',#2662);
#806=VERTEX_POINT('',#2670);
#807=VERTEX_POINT('',#2675);
#808=EDGE_CURVE('',#660,#661,#282,.T.);
#809=EDGE_CURVE('',#662,#660,#283,.T.);
#810=EDGE_CURVE('',#663,#662,#284,.T.);
#811=EDGE_CURVE('',#661,#663,#285,.T.);
#812=EDGE_CURVE('',#661,#664,#286,.T.);
#813=EDGE_CURVE('',#665,#663,#287,.T.);
#814=EDGE_CURVE('',#664,#665,#288,.T.);
#815=EDGE_CURVE('',#666,#662,#289,.T.);
#816=EDGE_CURVE('',#665,#666,#290,.T.);
#817=EDGE_CURVE('',#667,#660,#291,.T.);
#818=EDGE_CURVE('',#667,#668,#292,.T.);
#819=EDGE_CURVE('',#668,#669,#293,.T.);
#820=EDGE_CURVE('',#669,#670,#294,.T.);
#821=EDGE_CURVE('',#671,#670,#295,.T.);
#822=EDGE_CURVE('',#671,#672,#296,.T.);
#823=EDGE_CURVE('',#672,#673,#297,.T.);
#824=EDGE_CURVE('',#673,#674,#298,.T.);
#825=EDGE_CURVE('',#675,#674,#299,.T.);
#826=EDGE_CURVE('',#666,#675,#300,.T.);
#827=EDGE_CURVE('',#676,#676,#53,.T.);
#828=EDGE_CURVE('',#677,#678,#301,.T.);
#829=EDGE_CURVE('',#678,#679,#302,.T.);
#830=EDGE_CURVE('',#679,#680,#303,.T.);
#831=EDGE_CURVE('',#680,#681,#304,.T.);
#832=EDGE_CURVE('',#681,#677,#305,.T.);
#833=EDGE_CURVE('',#682,#683,#306,.T.);
#834=EDGE_CURVE('',#682,#684,#307,.T.);
#835=EDGE_CURVE('',#685,#684,#308,.T.);
#836=EDGE_CURVE('',#683,#685,#309,.T.);
#837=EDGE_CURVE('',#686,#682,#310,.T.);
#838=EDGE_CURVE('',#687,#686,#311,.T.);
#839=EDGE_CURVE('',#684,#687,#312,.T.);
#840=EDGE_CURVE('',#688,#687,#313,.T.);
#841=EDGE_CURVE('',#685,#688,#314,.T.);
#842=EDGE_CURVE('',#664,#689,#315,.T.);
#843=EDGE_CURVE('',#689,#690,#316,.T.);
#844=EDGE_CURVE('',#690,#691,#317,.T.);
#845=EDGE_CURVE('',#691,#692,#318,.T.);
#846=EDGE_CURVE('',#692,#686,#319,.T.);
#847=EDGE_CURVE('',#683,#693,#320,.T.);
#848=EDGE_CURVE('',#693,#694,#321,.T.);
#849=EDGE_CURVE('',#694,#695,#322,.T.);
#850=EDGE_CURVE('',#695,#696,#323,.T.);
#851=EDGE_CURVE('',#696,#697,#324,.T.);
#852=EDGE_CURVE('',#697,#698,#325,.T.);
#853=EDGE_CURVE('',#698,#699,#326,.T.);
#854=EDGE_CURVE('',#699,#700,#327,.T.);
#855=EDGE_CURVE('',#700,#701,#328,.T.);
#856=EDGE_CURVE('',#701,#671,#329,.T.);
#857=EDGE_CURVE('',#670,#702,#330,.T.);
#858=EDGE_CURVE('',#702,#703,#331,.T.);
#859=EDGE_CURVE('',#703,#667,#332,.T.);
#860=EDGE_CURVE('',#704,#705,#333,.T.);
#861=EDGE_CURVE('',#704,#706,#334,.T.);
#862=EDGE_CURVE('',#707,#706,#335,.T.);
#863=EDGE_CURVE('',#705,#707,#336,.T.);
#864=EDGE_CURVE('',#705,#708,#337,.T.);
#865=EDGE_CURVE('',#709,#707,#338,.T.);
#866=EDGE_CURVE('',#708,#709,#339,.T.);
#867=EDGE_CURVE('',#706,#710,#340,.T.);
#868=EDGE_CURVE('',#711,#710,#341,.T.);
#869=EDGE_CURVE('',#711,#712,#342,.T.);
#870=EDGE_CURVE('',#712,#709,#343,.T.);
#871=EDGE_CURVE('',#688,#713,#344,.T.);
#872=EDGE_CURVE('',#714,#713,#345,.T.);
#873=EDGE_CURVE('',#715,#714,#346,.T.);
#874=EDGE_CURVE('',#715,#716,#347,.T.);
#875=EDGE_CURVE('',#716,#697,#348,.T.);
#876=EDGE_CURVE('',#696,#711,#349,.T.);
#877=EDGE_CURVE('',#710,#693,#350,.T.);
#878=EDGE_CURVE('',#717,#717,#54,.T.);
#879=EDGE_CURVE('',#718,#719,#351,.T.);
#880=EDGE_CURVE('',#719,#720,#352,.T.);
#881=EDGE_CURVE('',#720,#721,#353,.T.);
#882=EDGE_CURVE('',#721,#722,#354,.T.);
#883=EDGE_CURVE('',#722,#718,#355,.T.);
#884=EDGE_CURVE('',#723,#724,#356,.T.);
#885=EDGE_CURVE('',#723,#725,#357,.T.);
#886=EDGE_CURVE('',#726,#725,#358,.T.);
#887=EDGE_CURVE('',#724,#726,#359,.T.);
#888=EDGE_CURVE('',#727,#723,#360,.T.);
#889=EDGE_CURVE('',#727,#728,#361,.T.);
#890=EDGE_CURVE('',#725,#728,#362,.T.);
#891=EDGE_CURVE('',#728,#729,#363,.T.);
#892=EDGE_CURVE('',#729,#669,#364,.T.);
#893=EDGE_CURVE('',#668,#726,#365,.T.);
#894=EDGE_CURVE('',#724,#730,#366,.T.);
#895=EDGE_CURVE('',#730,#727,#367,.T.);
#896=EDGE_CURVE('',#731,#732,#368,.T.);
#897=EDGE_CURVE('',#731,#733,#369,.T.);
#898=EDGE_CURVE('',#734,#733,#370,.T.);
#899=EDGE_CURVE('',#732,#734,#371,.T.);
#900=EDGE_CURVE('',#735,#731,#372,.T.);
#901=EDGE_CURVE('',#735,#736,#373,.T.);
#902=EDGE_CURVE('',#733,#736,#374,.T.);
#903=EDGE_CURVE('',#736,#718,#55,.T.);
#904=EDGE_CURVE('',#722,#734,#56,.T.);
#905=EDGE_CURVE('',#735,#732,#57,.T.);
#906=EDGE_CURVE('',#737,#738,#375,.T.);
#907=EDGE_CURVE('',#737,#739,#376,.T.);
#908=EDGE_CURVE('',#740,#739,#377,.T.);
#909=EDGE_CURVE('',#738,#740,#378,.T.);
#910=EDGE_CURVE('',#738,#741,#379,.T.);
#911=EDGE_CURVE('',#742,#740,#380,.T.);
#912=EDGE_CURVE('',#741,#742,#381,.T.);
#913=EDGE_CURVE('',#739,#679,#58,.T.);
#914=EDGE_CURVE('',#678,#742,#59,.T.);
#915=EDGE_CURVE('',#743,#744,#60,.T.);
#916=EDGE_CURVE('',#745,#744,#382,.T.);
#917=EDGE_CURVE('',#746,#745,#61,.T.);
#918=EDGE_CURVE('',#743,#746,#383,.T.);
#919=EDGE_CURVE('',#746,#745,#384,.T.);
#920=EDGE_CURVE('',#744,#743,#385,.T.);
#921=EDGE_CURVE('',#747,#748,#62,.T.);
#922=EDGE_CURVE('',#749,#748,#386,.T.);
#923=EDGE_CURVE('',#750,#749,#63,.T.);
#924=EDGE_CURVE('',#747,#750,#387,.T.);
#925=EDGE_CURVE('',#750,#749,#388,.T.);
#926=EDGE_CURVE('',#748,#747,#389,.T.);
#927=EDGE_CURVE('',#751,#752,#64,.T.);
#928=EDGE_CURVE('',#753,#752,#390,.T.);
#929=EDGE_CURVE('',#754,#753,#65,.T.);
#930=EDGE_CURVE('',#751,#754,#391,.T.);
#931=EDGE_CURVE('',#754,#753,#392,.T.);
#932=EDGE_CURVE('',#752,#751,#393,.T.);
#933=EDGE_CURVE('',#755,#756,#66,.T.);
#934=EDGE_CURVE('',#757,#756,#394,.T.);
#935=EDGE_CURVE('',#758,#757,#67,.T.);
#936=EDGE_CURVE('',#755,#758,#395,.T.);
#937=EDGE_CURVE('',#758,#757,#396,.T.);
#938=EDGE_CURVE('',#756,#755,#397,.T.);
#939=EDGE_CURVE('',#676,#759,#398,.T.);
#940=EDGE_CURVE('',#759,#759,#68,.T.);
#941=EDGE_CURVE('',#760,#760,#69,.T.);
#942=EDGE_CURVE('',#760,#717,#399,.T.);
#943=EDGE_CURVE('',#677,#680,#70,.T.);
#944=EDGE_CURVE('',#741,#737,#71,.T.);
#945=EDGE_CURVE('',#719,#721,#72,.T.);
#946=EDGE_CURVE('',#761,#762,#73,.F.);
#947=EDGE_CURVE('',#763,#761,#74,.F.);
#948=EDGE_CURVE('',#762,#763,#75,.F.);
#949=EDGE_CURVE('',#764,#765,#76,.T.);
#950=EDGE_CURVE('',#765,#763,#400,.T.);
#951=EDGE_CURVE('',#761,#764,#401,.T.);
#952=EDGE_CURVE('',#766,#767,#77,.F.);
#953=EDGE_CURVE('',#768,#766,#78,.F.);
#954=EDGE_CURVE('',#767,#768,#79,.F.);
#955=EDGE_CURVE('',#769,#770,#80,.T.);
#956=EDGE_CURVE('',#770,#768,#402,.T.);
#957=EDGE_CURVE('',#766,#769,#403,.T.);
#958=EDGE_CURVE('',#762,#767,#404,.T.);
#959=EDGE_CURVE('',#768,#761,#405,.T.);
#960=EDGE_CURVE('',#771,#772,#81,.F.);
#961=EDGE_CURVE('',#773,#771,#82,.F.);
#962=EDGE_CURVE('',#772,#773,#83,.F.);
#963=EDGE_CURVE('',#774,#775,#84,.T.);
#964=EDGE_CURVE('',#775,#773,#406,.T.);
#965=EDGE_CURVE('',#771,#774,#407,.T.);
#966=EDGE_CURVE('',#776,#777,#85,.F.);
#967=EDGE_CURVE('',#778,#776,#86,.F.);
#968=EDGE_CURVE('',#777,#778,#87,.F.);
#969=EDGE_CURVE('',#779,#780,#88,.T.);
#970=EDGE_CURVE('',#780,#778,#408,.T.);
#971=EDGE_CURVE('',#776,#779,#409,.T.);
#972=EDGE_CURVE('',#767,#777,#410,.T.);
#973=EDGE_CURVE('',#778,#766,#411,.T.);
#974=EDGE_CURVE('',#777,#772,#412,.T.);
#975=EDGE_CURVE('',#773,#776,#413,.T.);
#976=EDGE_CURVE('',#772,#762,#414,.T.);
#977=EDGE_CURVE('',#763,#771,#415,.T.);
#978=EDGE_CURVE('',#764,#770,#416,.T.);
#979=EDGE_CURVE('',#769,#780,#417,.T.);
#980=EDGE_CURVE('',#781,#782,#418,.T.);
#981=EDGE_CURVE('',#782,#783,#419,.T.);
#982=EDGE_CURVE('',#783,#784,#420,.T.);
#983=EDGE_CURVE('',#784,#781,#421,.T.);
#984=EDGE_CURVE('',#785,#689,#422,.T.);
#985=EDGE_CURVE('',#786,#785,#423,.T.);
#986=EDGE_CURVE('',#690,#786,#424,.T.);
#987=EDGE_CURVE('',#787,#786,#425,.T.);
#988=EDGE_CURVE('',#691,#787,#426,.T.);
#989=EDGE_CURVE('',#788,#787,#427,.T.);
#990=EDGE_CURVE('',#692,#788,#428,.T.);
#991=EDGE_CURVE('',#788,#785,#429,.T.);
#992=EDGE_CURVE('',#789,#789,#89,.T.);
#993=EDGE_CURVE('',#789,#790,#430,.T.);
#994=EDGE_CURVE('',#790,#790,#90,.T.);
#995=EDGE_CURVE('',#781,#791,#431,.T.);
#996=EDGE_CURVE('',#792,#791,#432,.T.);
#997=EDGE_CURVE('',#782,#792,#433,.T.);
#998=EDGE_CURVE('',#784,#793,#434,.T.);
#999=EDGE_CURVE('',#791,#793,#435,.T.);
#1000=EDGE_CURVE('',#783,#794,#436,.T.);
#1001=EDGE_CURVE('',#793,#794,#437,.T.);
#1002=EDGE_CURVE('',#794,#792,#438,.T.);
#1003=EDGE_CURVE('',#695,#712,#439,.T.);
#1004=EDGE_CURVE('',#795,#704,#440,.T.);
#1005=EDGE_CURVE('',#694,#795,#441,.T.);
#1006=EDGE_CURVE('',#708,#795,#442,.T.);
#1007=EDGE_CURVE('',#702,#729,#443,.T.);
#1008=EDGE_CURVE('',#703,#730,#444,.T.);
#1009=EDGE_CURVE('',#796,#797,#445,.T.);
#1010=EDGE_CURVE('',#796,#798,#446,.T.);
#1011=EDGE_CURVE('',#799,#798,#447,.T.);
#1012=EDGE_CURVE('',#797,#799,#448,.T.);
#1013=EDGE_CURVE('',#799,#715,#449,.T.);
#1014=EDGE_CURVE('',#798,#716,#450,.T.);
#1015=EDGE_CURVE('',#800,#796,#451,.T.);
#1016=EDGE_CURVE('',#698,#800,#452,.T.);
#1017=EDGE_CURVE('',#801,#797,#453,.T.);
#1018=EDGE_CURVE('',#801,#800,#454,.T.);
#1019=EDGE_CURVE('',#802,#803,#455,.T.);
#1020=EDGE_CURVE('',#804,#802,#456,.T.);
#1021=EDGE_CURVE('',#805,#804,#457,.T.);
#1022=EDGE_CURVE('',#803,#805,#458,.T.);
#1023=EDGE_CURVE('',#673,#804,#459,.T.);
#1024=EDGE_CURVE('',#672,#805,#460,.T.);
#1025=EDGE_CURVE('',#674,#714,#461,.T.);
#1026=EDGE_CURVE('',#802,#806,#462,.T.);
#1027=EDGE_CURVE('',#806,#700,#463,.T.);
#1028=EDGE_CURVE('',#699,#801,#464,.T.);
#1029=EDGE_CURVE('',#803,#807,#465,.T.);
#1030=EDGE_CURVE('',#807,#806,#466,.T.);
#1031=EDGE_CURVE('',#701,#807,#467,.T.);
#1032=EDGE_CURVE('',#713,#675,#468,.T.);
#1033=EDGE_CURVE('',#779,#775,#469,.T.);
#1034=EDGE_CURVE('',#774,#765,#470,.T.);
#1035=ORIENTED_EDGE('',*,*,#808,.F.);
#1036=ORIENTED_EDGE('',*,*,#809,.F.);
#1037=ORIENTED_EDGE('',*,*,#810,.F.);
#1038=ORIENTED_EDGE('',*,*,#811,.F.);
#1039=ORIENTED_EDGE('',*,*,#812,.F.);
#1040=ORIENTED_EDGE('',*,*,#811,.T.);
#1041=ORIENTED_EDGE('',*,*,#813,.F.);
#1042=ORIENTED_EDGE('',*,*,#814,.F.);
#1043=ORIENTED_EDGE('',*,*,#815,.F.);
#1044=ORIENTED_EDGE('',*,*,#816,.F.);
#1045=ORIENTED_EDGE('',*,*,#813,.T.);
#1046=ORIENTED_EDGE('',*,*,#810,.T.);
#1047=ORIENTED_EDGE('',*,*,#815,.T.);
#1048=ORIENTED_EDGE('',*,*,#809,.T.);
#1049=ORIENTED_EDGE('',*,*,#817,.F.);
#1050=ORIENTED_EDGE('',*,*,#818,.T.);
#1051=ORIENTED_EDGE('',*,*,#819,.T.);
#1052=ORIENTED_EDGE('',*,*,#820,.T.);
#1053=ORIENTED_EDGE('',*,*,#821,.F.);
#1054=ORIENTED_EDGE('',*,*,#822,.T.);
#1055=ORIENTED_EDGE('',*,*,#823,.T.);
#1056=ORIENTED_EDGE('',*,*,#824,.T.);
#1057=ORIENTED_EDGE('',*,*,#825,.F.);
#1058=ORIENTED_EDGE('',*,*,#826,.F.);
#1059=ORIENTED_EDGE('',*,*,#827,.T.);
#1060=ORIENTED_EDGE('',*,*,#828,.T.);
#1061=ORIENTED_EDGE('',*,*,#829,.T.);
#1062=ORIENTED_EDGE('',*,*,#830,.T.);
#1063=ORIENTED_EDGE('',*,*,#831,.T.);
#1064=ORIENTED_EDGE('',*,*,#832,.T.);
#1065=ORIENTED_EDGE('',*,*,#833,.F.);
#1066=ORIENTED_EDGE('',*,*,#834,.T.);
#1067=ORIENTED_EDGE('',*,*,#835,.F.);
#1068=ORIENTED_EDGE('',*,*,#836,.F.);
#1069=ORIENTED_EDGE('',*,*,#837,.F.);
#1070=ORIENTED_EDGE('',*,*,#838,.F.);
#1071=ORIENTED_EDGE('',*,*,#839,.F.);
#1072=ORIENTED_EDGE('',*,*,#834,.F.);
#1073=ORIENTED_EDGE('',*,*,#839,.T.);
#1074=ORIENTED_EDGE('',*,*,#840,.F.);
#1075=ORIENTED_EDGE('',*,*,#841,.F.);
#1076=ORIENTED_EDGE('',*,*,#835,.T.);
#1077=ORIENTED_EDGE('',*,*,#812,.T.);
#1078=ORIENTED_EDGE('',*,*,#842,.T.);
#1079=ORIENTED_EDGE('',*,*,#843,.T.);
#1080=ORIENTED_EDGE('',*,*,#844,.T.);
#1081=ORIENTED_EDGE('',*,*,#845,.T.);
#1082=ORIENTED_EDGE('',*,*,#846,.T.);
#1083=ORIENTED_EDGE('',*,*,#837,.T.);
#1084=ORIENTED_EDGE('',*,*,#833,.T.);
#1085=ORIENTED_EDGE('',*,*,#847,.T.);
#1086=ORIENTED_EDGE('',*,*,#848,.T.);
#1087=ORIENTED_EDGE('',*,*,#849,.T.);
#1088=ORIENTED_EDGE('',*,*,#850,.T.);
#1089=ORIENTED_EDGE('',*,*,#851,.T.);
#1090=ORIENTED_EDGE('',*,*,#852,.T.);
#1091=ORIENTED_EDGE('',*,*,#853,.T.);
#1092=ORIENTED_EDGE('',*,*,#854,.T.);
#1093=ORIENTED_EDGE('',*,*,#855,.T.);
#1094=ORIENTED_EDGE('',*,*,#856,.T.);
#1095=ORIENTED_EDGE('',*,*,#821,.T.);
#1096=ORIENTED_EDGE('',*,*,#857,.T.);
#1097=ORIENTED_EDGE('',*,*,#858,.T.);
#1098=ORIENTED_EDGE('',*,*,#859,.T.);
#1099=ORIENTED_EDGE('',*,*,#817,.T.);
#1100=ORIENTED_EDGE('',*,*,#808,.T.);
#1101=ORIENTED_EDGE('',*,*,#860,.F.);
#1102=ORIENTED_EDGE('',*,*,#861,.T.);
#1103=ORIENTED_EDGE('',*,*,#862,.F.);
#1104=ORIENTED_EDGE('',*,*,#863,.F.);
#1105=ORIENTED_EDGE('',*,*,#864,.F.);
#1106=ORIENTED_EDGE('',*,*,#863,.T.);
#1107=ORIENTED_EDGE('',*,*,#865,.F.);
#1108=ORIENTED_EDGE('',*,*,#866,.F.);
#1109=ORIENTED_EDGE('',*,*,#867,.T.);
#1110=ORIENTED_EDGE('',*,*,#868,.F.);
#1111=ORIENTED_EDGE('',*,*,#869,.T.);
#1112=ORIENTED_EDGE('',*,*,#870,.T.);
#1113=ORIENTED_EDGE('',*,*,#865,.T.);
#1114=ORIENTED_EDGE('',*,*,#862,.T.);
#1115=ORIENTED_EDGE('',*,*,#841,.T.);
#1116=ORIENTED_EDGE('',*,*,#871,.T.);
#1117=ORIENTED_EDGE('',*,*,#872,.F.);
#1118=ORIENTED_EDGE('',*,*,#873,.F.);
#1119=ORIENTED_EDGE('',*,*,#874,.T.);
#1120=ORIENTED_EDGE('',*,*,#875,.T.);
#1121=ORIENTED_EDGE('',*,*,#851,.F.);
#1122=ORIENTED_EDGE('',*,*,#876,.T.);
#1123=ORIENTED_EDGE('',*,*,#868,.T.);
#1124=ORIENTED_EDGE('',*,*,#877,.T.);
#1125=ORIENTED_EDGE('',*,*,#847,.F.);
#1126=ORIENTED_EDGE('',*,*,#836,.T.);
#1127=ORIENTED_EDGE('',*,*,#878,.T.);
#1128=ORIENTED_EDGE('',*,*,#879,.T.);
#1129=ORIENTED_EDGE('',*,*,#880,.T.);
#1130=ORIENTED_EDGE('',*,*,#881,.T.);
#1131=ORIENTED_EDGE('',*,*,#882,.T.);
#1132=ORIENTED_EDGE('',*,*,#883,.T.);
#1133=ORIENTED_EDGE('',*,*,#884,.F.);
#1134=ORIENTED_EDGE('',*,*,#885,.T.);
#1135=ORIENTED_EDGE('',*,*,#886,.F.);
#1136=ORIENTED_EDGE('',*,*,#887,.F.);
#1137=ORIENTED_EDGE('',*,*,#888,.F.);
#1138=ORIENTED_EDGE('',*,*,#889,.T.);
#1139=ORIENTED_EDGE('',*,*,#890,.F.);
#1140=ORIENTED_EDGE('',*,*,#885,.F.);
#1141=ORIENTED_EDGE('',*,*,#890,.T.);
#1142=ORIENTED_EDGE('',*,*,#891,.T.);
#1143=ORIENTED_EDGE('',*,*,#892,.T.);
#1144=ORIENTED_EDGE('',*,*,#819,.F.);
#1145=ORIENTED_EDGE('',*,*,#893,.T.);
#1146=ORIENTED_EDGE('',*,*,#886,.T.);
#1147=ORIENTED_EDGE('',*,*,#888,.T.);
#1148=ORIENTED_EDGE('',*,*,#884,.T.);
#1149=ORIENTED_EDGE('',*,*,#894,.T.);
#1150=ORIENTED_EDGE('',*,*,#895,.T.);
#1151=ORIENTED_EDGE('',*,*,#896,.F.);
#1152=ORIENTED_EDGE('',*,*,#897,.T.);
#1153=ORIENTED_EDGE('',*,*,#898,.F.);
#1154=ORIENTED_EDGE('',*,*,#899,.F.);
#1155=ORIENTED_EDGE('',*,*,#900,.F.);
#1156=ORIENTED_EDGE('',*,*,#901,.T.);
#1157=ORIENTED_EDGE('',*,*,#902,.F.);
#1158=ORIENTED_EDGE('',*,*,#897,.F.);
#1159=ORIENTED_EDGE('',*,*,#902,.T.);
#1160=ORIENTED_EDGE('',*,*,#903,.T.);
#1161=ORIENTED_EDGE('',*,*,#883,.F.);
#1162=ORIENTED_EDGE('',*,*,#904,.T.);
#1163=ORIENTED_EDGE('',*,*,#898,.T.);
#1164=ORIENTED_EDGE('',*,*,#900,.T.);
#1165=ORIENTED_EDGE('',*,*,#896,.T.);
#1166=ORIENTED_EDGE('',*,*,#905,.F.);
#1167=ORIENTED_EDGE('',*,*,#906,.F.);
#1168=ORIENTED_EDGE('',*,*,#907,.T.);
#1169=ORIENTED_EDGE('',*,*,#908,.F.);
#1170=ORIENTED_EDGE('',*,*,#909,.F.);
#1171=ORIENTED_EDGE('',*,*,#910,.F.);
#1172=ORIENTED_EDGE('',*,*,#909,.T.);
#1173=ORIENTED_EDGE('',*,*,#911,.F.);
#1174=ORIENTED_EDGE('',*,*,#912,.F.);
#1175=ORIENTED_EDGE('',*,*,#913,.T.);
#1176=ORIENTED_EDGE('',*,*,#829,.F.);
#1177=ORIENTED_EDGE('',*,*,#914,.T.);
#1178=ORIENTED_EDGE('',*,*,#911,.T.);
#1179=ORIENTED_EDGE('',*,*,#908,.T.);
#1180=ORIENTED_EDGE('',*,*,#915,.T.);
#1181=ORIENTED_EDGE('',*,*,#916,.F.);
#1182=ORIENTED_EDGE('',*,*,#917,.F.);
#1183=ORIENTED_EDGE('',*,*,#918,.F.);
#1184=ORIENTED_EDGE('',*,*,#917,.T.);
#1185=ORIENTED_EDGE('',*,*,#919,.F.);
#1186=ORIENTED_EDGE('',*,*,#915,.F.);
#1187=ORIENTED_EDGE('',*,*,#920,.F.);
#1188=ORIENTED_EDGE('',*,*,#921,.T.);
#1189=ORIENTED_EDGE('',*,*,#922,.F.);
#1190=ORIENTED_EDGE('',*,*,#923,.F.);
#1191=ORIENTED_EDGE('',*,*,#924,.F.);
#1192=ORIENTED_EDGE('',*,*,#923,.T.);
#1193=ORIENTED_EDGE('',*,*,#925,.F.);
#1194=ORIENTED_EDGE('',*,*,#921,.F.);
#1195=ORIENTED_EDGE('',*,*,#926,.F.);
#1196=ORIENTED_EDGE('',*,*,#927,.T.);
#1197=ORIENTED_EDGE('',*,*,#928,.F.);
#1198=ORIENTED_EDGE('',*,*,#929,.F.);
#1199=ORIENTED_EDGE('',*,*,#930,.F.);
#1200=ORIENTED_EDGE('',*,*,#929,.T.);
#1201=ORIENTED_EDGE('',*,*,#931,.F.);
#1202=ORIENTED_EDGE('',*,*,#927,.F.);
#1203=ORIENTED_EDGE('',*,*,#932,.F.);
#1204=ORIENTED_EDGE('',*,*,#933,.T.);
#1205=ORIENTED_EDGE('',*,*,#934,.F.);
#1206=ORIENTED_EDGE('',*,*,#935,.F.);
#1207=ORIENTED_EDGE('',*,*,#936,.F.);
#1208=ORIENTED_EDGE('',*,*,#935,.T.);
#1209=ORIENTED_EDGE('',*,*,#937,.F.);
#1210=ORIENTED_EDGE('',*,*,#933,.F.);
#1211=ORIENTED_EDGE('',*,*,#938,.F.);
#1212=ORIENTED_EDGE('',*,*,#827,.F.);
#1213=ORIENTED_EDGE('',*,*,#939,.T.);
#1214=ORIENTED_EDGE('',*,*,#940,.F.);
#1215=ORIENTED_EDGE('',*,*,#939,.F.);
#1216=ORIENTED_EDGE('',*,*,#941,.F.);
#1217=ORIENTED_EDGE('',*,*,#942,.T.);
#1218=ORIENTED_EDGE('',*,*,#878,.F.);
#1219=ORIENTED_EDGE('',*,*,#942,.F.);
#1220=ORIENTED_EDGE('',*,*,#828,.F.);
#1221=ORIENTED_EDGE('',*,*,#943,.T.);
#1222=ORIENTED_EDGE('',*,*,#830,.F.);
#1223=ORIENTED_EDGE('',*,*,#913,.F.);
#1224=ORIENTED_EDGE('',*,*,#907,.F.);
#1225=ORIENTED_EDGE('',*,*,#944,.F.);
#1226=ORIENTED_EDGE('',*,*,#912,.T.);
#1227=ORIENTED_EDGE('',*,*,#914,.F.);
#1228=ORIENTED_EDGE('',*,*,#832,.F.);
#1229=ORIENTED_EDGE('',*,*,#831,.F.);
#1230=ORIENTED_EDGE('',*,*,#943,.F.);
#1231=ORIENTED_EDGE('',*,*,#910,.T.);
#1232=ORIENTED_EDGE('',*,*,#944,.T.);
#1233=ORIENTED_EDGE('',*,*,#906,.T.);
#1234=ORIENTED_EDGE('',*,*,#879,.F.);
#1235=ORIENTED_EDGE('',*,*,#903,.F.);
#1236=ORIENTED_EDGE('',*,*,#901,.F.);
#1237=ORIENTED_EDGE('',*,*,#905,.T.);
#1238=ORIENTED_EDGE('',*,*,#899,.T.);
#1239=ORIENTED_EDGE('',*,*,#904,.F.);
#1240=ORIENTED_EDGE('',*,*,#882,.F.);
#1241=ORIENTED_EDGE('',*,*,#945,.F.);
#1242=ORIENTED_EDGE('',*,*,#880,.F.);
#1243=ORIENTED_EDGE('',*,*,#945,.T.);
#1244=ORIENTED_EDGE('',*,*,#881,.F.);
#1245=ORIENTED_EDGE('',*,*,#946,.F.);
#1246=ORIENTED_EDGE('',*,*,#947,.F.);
#1247=ORIENTED_EDGE('',*,*,#948,.F.);
#1248=ORIENTED_EDGE('',*,*,#949,.T.);
#1249=ORIENTED_EDGE('',*,*,#950,.T.);
#1250=ORIENTED_EDGE('',*,*,#947,.T.);
#1251=ORIENTED_EDGE('',*,*,#951,.T.);
#1252=ORIENTED_EDGE('',*,*,#952,.F.);
#1253=ORIENTED_EDGE('',*,*,#953,.F.);
#1254=ORIENTED_EDGE('',*,*,#954,.F.);
#1255=ORIENTED_EDGE('',*,*,#955,.T.);
#1256=ORIENTED_EDGE('',*,*,#956,.T.);
#1257=ORIENTED_EDGE('',*,*,#953,.T.);
#1258=ORIENTED_EDGE('',*,*,#957,.T.);
#1259=ORIENTED_EDGE('',*,*,#946,.T.);
#1260=ORIENTED_EDGE('',*,*,#958,.T.);
#1261=ORIENTED_EDGE('',*,*,#954,.T.);
#1262=ORIENTED_EDGE('',*,*,#959,.T.);
#1263=ORIENTED_EDGE('',*,*,#960,.F.);
#1264=ORIENTED_EDGE('',*,*,#961,.F.);
#1265=ORIENTED_EDGE('',*,*,#962,.F.);
#1266=ORIENTED_EDGE('',*,*,#963,.T.);
#1267=ORIENTED_EDGE('',*,*,#964,.T.);
#1268=ORIENTED_EDGE('',*,*,#961,.T.);
#1269=ORIENTED_EDGE('',*,*,#965,.T.);
#1270=ORIENTED_EDGE('',*,*,#966,.F.);
#1271=ORIENTED_EDGE('',*,*,#967,.F.);
#1272=ORIENTED_EDGE('',*,*,#968,.F.);
#1273=ORIENTED_EDGE('',*,*,#969,.T.);
#1274=ORIENTED_EDGE('',*,*,#970,.T.);
#1275=ORIENTED_EDGE('',*,*,#967,.T.);
#1276=ORIENTED_EDGE('',*,*,#971,.T.);
#1277=ORIENTED_EDGE('',*,*,#952,.T.);
#1278=ORIENTED_EDGE('',*,*,#972,.T.);
#1279=ORIENTED_EDGE('',*,*,#968,.T.);
#1280=ORIENTED_EDGE('',*,*,#973,.T.);
#1281=ORIENTED_EDGE('',*,*,#966,.T.);
#1282=ORIENTED_EDGE('',*,*,#974,.T.);
#1283=ORIENTED_EDGE('',*,*,#962,.T.);
#1284=ORIENTED_EDGE('',*,*,#975,.T.);
#1285=ORIENTED_EDGE('',*,*,#960,.T.);
#1286=ORIENTED_EDGE('',*,*,#976,.T.);
#1287=ORIENTED_EDGE('',*,*,#948,.T.);
#1288=ORIENTED_EDGE('',*,*,#977,.T.);
#1289=ORIENTED_EDGE('',*,*,#951,.F.);
#1290=ORIENTED_EDGE('',*,*,#959,.F.);
#1291=ORIENTED_EDGE('',*,*,#956,.F.);
#1292=ORIENTED_EDGE('',*,*,#978,.F.);
#1293=ORIENTED_EDGE('',*,*,#924,.T.);
#1294=ORIENTED_EDGE('',*,*,#925,.T.);
#1295=ORIENTED_EDGE('',*,*,#922,.T.);
#1296=ORIENTED_EDGE('',*,*,#926,.T.);
#1297=ORIENTED_EDGE('',*,*,#930,.T.);
#1298=ORIENTED_EDGE('',*,*,#931,.T.);
#1299=ORIENTED_EDGE('',*,*,#928,.T.);
#1300=ORIENTED_EDGE('',*,*,#932,.T.);
#1301=ORIENTED_EDGE('',*,*,#941,.T.);
#1302=ORIENTED_EDGE('',*,*,#957,.F.);
#1303=ORIENTED_EDGE('',*,*,#973,.F.);
#1304=ORIENTED_EDGE('',*,*,#970,.F.);
#1305=ORIENTED_EDGE('',*,*,#979,.F.);
#1306=ORIENTED_EDGE('',*,*,#980,.T.);
#1307=ORIENTED_EDGE('',*,*,#981,.T.);
#1308=ORIENTED_EDGE('',*,*,#982,.T.);
#1309=ORIENTED_EDGE('',*,*,#983,.T.);
#1310=ORIENTED_EDGE('',*,*,#958,.F.);
#1311=ORIENTED_EDGE('',*,*,#976,.F.);
#1312=ORIENTED_EDGE('',*,*,#974,.F.);
#1313=ORIENTED_EDGE('',*,*,#972,.F.);
#1314=ORIENTED_EDGE('',*,*,#843,.F.);
#1315=ORIENTED_EDGE('',*,*,#984,.F.);
#1316=ORIENTED_EDGE('',*,*,#985,.F.);
#1317=ORIENTED_EDGE('',*,*,#986,.F.);
#1318=ORIENTED_EDGE('',*,*,#844,.F.);
#1319=ORIENTED_EDGE('',*,*,#986,.T.);
#1320=ORIENTED_EDGE('',*,*,#987,.F.);
#1321=ORIENTED_EDGE('',*,*,#988,.F.);
#1322=ORIENTED_EDGE('',*,*,#845,.F.);
#1323=ORIENTED_EDGE('',*,*,#988,.T.);
#1324=ORIENTED_EDGE('',*,*,#989,.F.);
#1325=ORIENTED_EDGE('',*,*,#990,.F.);
#1326=ORIENTED_EDGE('',*,*,#989,.T.);
#1327=ORIENTED_EDGE('',*,*,#987,.T.);
#1328=ORIENTED_EDGE('',*,*,#985,.T.);
#1329=ORIENTED_EDGE('',*,*,#991,.F.);
#1330=ORIENTED_EDGE('',*,*,#992,.F.);
#1331=ORIENTED_EDGE('',*,*,#993,.T.);
#1332=ORIENTED_EDGE('',*,*,#994,.F.);
#1333=ORIENTED_EDGE('',*,*,#993,.F.);
#1334=ORIENTED_EDGE('',*,*,#980,.F.);
#1335=ORIENTED_EDGE('',*,*,#995,.T.);
#1336=ORIENTED_EDGE('',*,*,#996,.F.);
#1337=ORIENTED_EDGE('',*,*,#997,.F.);
#1338=ORIENTED_EDGE('',*,*,#983,.F.);
#1339=ORIENTED_EDGE('',*,*,#998,.T.);
#1340=ORIENTED_EDGE('',*,*,#999,.F.);
#1341=ORIENTED_EDGE('',*,*,#995,.F.);
#1342=ORIENTED_EDGE('',*,*,#982,.F.);
#1343=ORIENTED_EDGE('',*,*,#1000,.T.);
#1344=ORIENTED_EDGE('',*,*,#1001,.F.);
#1345=ORIENTED_EDGE('',*,*,#998,.F.);
#1346=ORIENTED_EDGE('',*,*,#981,.F.);
#1347=ORIENTED_EDGE('',*,*,#997,.T.);
#1348=ORIENTED_EDGE('',*,*,#1002,.F.);
#1349=ORIENTED_EDGE('',*,*,#1000,.F.);
#1350=ORIENTED_EDGE('',*,*,#850,.F.);
#1351=ORIENTED_EDGE('',*,*,#1003,.T.);
#1352=ORIENTED_EDGE('',*,*,#869,.F.);
#1353=ORIENTED_EDGE('',*,*,#876,.F.);
#1354=ORIENTED_EDGE('',*,*,#848,.F.);
#1355=ORIENTED_EDGE('',*,*,#877,.F.);
#1356=ORIENTED_EDGE('',*,*,#867,.F.);
#1357=ORIENTED_EDGE('',*,*,#861,.F.);
#1358=ORIENTED_EDGE('',*,*,#1004,.F.);
#1359=ORIENTED_EDGE('',*,*,#1005,.F.);
#1360=ORIENTED_EDGE('',*,*,#849,.F.);
#1361=ORIENTED_EDGE('',*,*,#1005,.T.);
#1362=ORIENTED_EDGE('',*,*,#1006,.F.);
#1363=ORIENTED_EDGE('',*,*,#866,.T.);
#1364=ORIENTED_EDGE('',*,*,#870,.F.);
#1365=ORIENTED_EDGE('',*,*,#1003,.F.);
#1366=ORIENTED_EDGE('',*,*,#864,.T.);
#1367=ORIENTED_EDGE('',*,*,#1006,.T.);
#1368=ORIENTED_EDGE('',*,*,#1004,.T.);
#1369=ORIENTED_EDGE('',*,*,#860,.T.);
#1370=ORIENTED_EDGE('',*,*,#857,.F.);
#1371=ORIENTED_EDGE('',*,*,#820,.F.);
#1372=ORIENTED_EDGE('',*,*,#892,.F.);
#1373=ORIENTED_EDGE('',*,*,#1007,.F.);
#1374=ORIENTED_EDGE('',*,*,#858,.F.);
#1375=ORIENTED_EDGE('',*,*,#1007,.T.);
#1376=ORIENTED_EDGE('',*,*,#891,.F.);
#1377=ORIENTED_EDGE('',*,*,#889,.F.);
#1378=ORIENTED_EDGE('',*,*,#895,.F.);
#1379=ORIENTED_EDGE('',*,*,#1008,.F.);
#1380=ORIENTED_EDGE('',*,*,#859,.F.);
#1381=ORIENTED_EDGE('',*,*,#1008,.T.);
#1382=ORIENTED_EDGE('',*,*,#894,.F.);
#1383=ORIENTED_EDGE('',*,*,#887,.T.);
#1384=ORIENTED_EDGE('',*,*,#893,.F.);
#1385=ORIENTED_EDGE('',*,*,#818,.F.);
#1386=ORIENTED_EDGE('',*,*,#1009,.F.);
#1387=ORIENTED_EDGE('',*,*,#1010,.T.);
#1388=ORIENTED_EDGE('',*,*,#1011,.F.);
#1389=ORIENTED_EDGE('',*,*,#1012,.F.);
#1390=ORIENTED_EDGE('',*,*,#1013,.F.);
#1391=ORIENTED_EDGE('',*,*,#1011,.T.);
#1392=ORIENTED_EDGE('',*,*,#1014,.T.);
#1393=ORIENTED_EDGE('',*,*,#874,.F.);
#1394=ORIENTED_EDGE('',*,*,#1015,.F.);
#1395=ORIENTED_EDGE('',*,*,#1016,.F.);
#1396=ORIENTED_EDGE('',*,*,#852,.F.);
#1397=ORIENTED_EDGE('',*,*,#875,.F.);
#1398=ORIENTED_EDGE('',*,*,#1014,.F.);
#1399=ORIENTED_EDGE('',*,*,#1010,.F.);
#1400=ORIENTED_EDGE('',*,*,#1009,.T.);
#1401=ORIENTED_EDGE('',*,*,#1017,.F.);
#1402=ORIENTED_EDGE('',*,*,#1018,.T.);
#1403=ORIENTED_EDGE('',*,*,#1015,.T.);
#1404=ORIENTED_EDGE('',*,*,#1019,.F.);
#1405=ORIENTED_EDGE('',*,*,#1020,.F.);
#1406=ORIENTED_EDGE('',*,*,#1021,.F.);
#1407=ORIENTED_EDGE('',*,*,#1022,.F.);
#1408=ORIENTED_EDGE('',*,*,#1021,.T.);
#1409=ORIENTED_EDGE('',*,*,#1023,.F.);
#1410=ORIENTED_EDGE('',*,*,#823,.F.);
#1411=ORIENTED_EDGE('',*,*,#1024,.T.);
#1412=ORIENTED_EDGE('',*,*,#1013,.T.);
#1413=ORIENTED_EDGE('',*,*,#873,.T.);
#1414=ORIENTED_EDGE('',*,*,#1025,.F.);
#1415=ORIENTED_EDGE('',*,*,#824,.F.);
#1416=ORIENTED_EDGE('',*,*,#1023,.T.);
#1417=ORIENTED_EDGE('',*,*,#1020,.T.);
#1418=ORIENTED_EDGE('',*,*,#1026,.T.);
#1419=ORIENTED_EDGE('',*,*,#1027,.T.);
#1420=ORIENTED_EDGE('',*,*,#854,.F.);
#1421=ORIENTED_EDGE('',*,*,#1028,.T.);
#1422=ORIENTED_EDGE('',*,*,#1017,.T.);
#1423=ORIENTED_EDGE('',*,*,#1012,.T.);
#1424=ORIENTED_EDGE('',*,*,#996,.T.);
#1425=ORIENTED_EDGE('',*,*,#999,.T.);
#1426=ORIENTED_EDGE('',*,*,#1001,.T.);
#1427=ORIENTED_EDGE('',*,*,#1002,.T.);
#1428=ORIENTED_EDGE('',*,*,#1019,.T.);
#1429=ORIENTED_EDGE('',*,*,#1029,.T.);
#1430=ORIENTED_EDGE('',*,*,#1030,.T.);
#1431=ORIENTED_EDGE('',*,*,#1026,.F.);
#1432=ORIENTED_EDGE('',*,*,#856,.F.);
#1433=ORIENTED_EDGE('',*,*,#1031,.T.);
#1434=ORIENTED_EDGE('',*,*,#1029,.F.);
#1435=ORIENTED_EDGE('',*,*,#1022,.T.);
#1436=ORIENTED_EDGE('',*,*,#1024,.F.);
#1437=ORIENTED_EDGE('',*,*,#822,.F.);
#1438=ORIENTED_EDGE('',*,*,#853,.F.);
#1439=ORIENTED_EDGE('',*,*,#1016,.T.);
#1440=ORIENTED_EDGE('',*,*,#1018,.F.);
#1441=ORIENTED_EDGE('',*,*,#1028,.F.);
#1442=ORIENTED_EDGE('',*,*,#855,.F.);
#1443=ORIENTED_EDGE('',*,*,#1027,.F.);
#1444=ORIENTED_EDGE('',*,*,#1030,.F.);
#1445=ORIENTED_EDGE('',*,*,#1031,.F.);
#1446=ORIENTED_EDGE('',*,*,#816,.T.);
#1447=ORIENTED_EDGE('',*,*,#826,.T.);
#1448=ORIENTED_EDGE('',*,*,#1032,.F.);
#1449=ORIENTED_EDGE('',*,*,#871,.F.);
#1450=ORIENTED_EDGE('',*,*,#840,.T.);
#1451=ORIENTED_EDGE('',*,*,#838,.T.);
#1452=ORIENTED_EDGE('',*,*,#846,.F.);
#1453=ORIENTED_EDGE('',*,*,#990,.T.);
#1454=ORIENTED_EDGE('',*,*,#991,.T.);
#1455=ORIENTED_EDGE('',*,*,#984,.T.);
#1456=ORIENTED_EDGE('',*,*,#842,.F.);
#1457=ORIENTED_EDGE('',*,*,#814,.T.);
#1458=ORIENTED_EDGE('',*,*,#994,.T.);
#1459=ORIENTED_EDGE('',*,*,#949,.F.);
#1460=ORIENTED_EDGE('',*,*,#978,.T.);
#1461=ORIENTED_EDGE('',*,*,#955,.F.);
#1462=ORIENTED_EDGE('',*,*,#979,.T.);
#1463=ORIENTED_EDGE('',*,*,#969,.F.);
#1464=ORIENTED_EDGE('',*,*,#1033,.T.);
#1465=ORIENTED_EDGE('',*,*,#963,.F.);
#1466=ORIENTED_EDGE('',*,*,#1034,.T.);
#1467=ORIENTED_EDGE('',*,*,#825,.T.);
#1468=ORIENTED_EDGE('',*,*,#1025,.T.);
#1469=ORIENTED_EDGE('',*,*,#872,.T.);
#1470=ORIENTED_EDGE('',*,*,#1032,.T.);
#1471=ORIENTED_EDGE('',*,*,#964,.F.);
#1472=ORIENTED_EDGE('',*,*,#1033,.F.);
#1473=ORIENTED_EDGE('',*,*,#971,.F.);
#1474=ORIENTED_EDGE('',*,*,#975,.F.);
#1475=ORIENTED_EDGE('',*,*,#916,.T.);
#1476=ORIENTED_EDGE('',*,*,#920,.T.);
#1477=ORIENTED_EDGE('',*,*,#918,.T.);
#1478=ORIENTED_EDGE('',*,*,#919,.T.);
#1479=ORIENTED_EDGE('',*,*,#934,.T.);
#1480=ORIENTED_EDGE('',*,*,#938,.T.);
#1481=ORIENTED_EDGE('',*,*,#936,.T.);
#1482=ORIENTED_EDGE('',*,*,#937,.T.);
#1483=ORIENTED_EDGE('',*,*,#940,.T.);
#1484=ORIENTED_EDGE('',*,*,#950,.F.);
#1485=ORIENTED_EDGE('',*,*,#1034,.F.);
#1486=ORIENTED_EDGE('',*,*,#965,.F.);
#1487=ORIENTED_EDGE('',*,*,#977,.F.);
#1488=ORIENTED_EDGE('',*,*,#992,.T.);
#1489=PLANE('',#1656);
#1490=PLANE('',#1657);
#1491=PLANE('',#1658);
#1492=PLANE('',#1659);
#1493=PLANE('',#1661);
#1494=PLANE('',#1662);
#1495=PLANE('',#1663);
#1496=PLANE('',#1664);
#1497=PLANE('',#1665);
#1498=PLANE('',#1666);
#1499=PLANE('',#1667);
#1500=PLANE('',#1668);
#1501=PLANE('',#1670);
#1502=PLANE('',#1671);
#1503=PLANE('',#1672);
#1504=PLANE('',#1673);
#1505=PLANE('',#1674);
#1506=PLANE('',#1675);
#1507=PLANE('',#1676);
#1508=PLANE('',#1679);
#1509=PLANE('',#1681);
#1510=PLANE('',#1682);
#1511=PLANE('',#1683);
#1512=PLANE('',#1689);
#1513=PLANE('',#1690);
#1514=PLANE('',#1694);
#1515=PLANE('',#1695);
#1516=PLANE('',#1699);
#1517=PLANE('',#1700);
#1518=PLANE('',#1704);
#1519=PLANE('',#1705);
#1520=PLANE('',#1714);
#1521=PLANE('',#1746);
#1522=PLANE('',#1747);
#1523=PLANE('',#1748);
#1524=PLANE('',#1749);
#1525=PLANE('',#1750);
#1526=PLANE('',#1751);
#1527=PLANE('',#1752);
#1528=PLANE('',#1756);
#1529=PLANE('',#1757);
#1530=PLANE('',#1758);
#1531=PLANE('',#1759);
#1532=PLANE('',#1760);
#1533=PLANE('',#1761);
#1534=PLANE('',#1762);
#1535=PLANE('',#1763);
#1536=PLANE('',#1764);
#1537=PLANE('',#1765);
#1538=PLANE('',#1766);
#1539=PLANE('',#1767);
#1540=PLANE('',#1768);
#1541=PLANE('',#1769);
#1542=PLANE('',#1770);
#1543=PLANE('',#1771);
#1544=PLANE('',#1772);
#1545=PLANE('',#1773);
#1546=PLANE('',#1774);
#1547=PLANE('',#1775);
#1548=PLANE('',#1776);
#1549=PLANE('',#1777);
#1550=PLANE('',#1778);
#1551=PLANE('',#1779);
#1552=PLANE('',#1780);
#1553=PLANE('',#1781);
#1554=ADVANCED_FACE('',(#91),#1489,.T.);
#1555=ADVANCED_FACE('',(#92),#1490,.T.);
#1556=ADVANCED_FACE('',(#93),#1491,.T.);
#1557=ADVANCED_FACE('',(#94,#38,#39),#1492,.T.);
#1558=ADVANCED_FACE('',(#95),#1493,.T.);
#1559=ADVANCED_FACE('',(#96),#1494,.T.);
#1560=ADVANCED_FACE('',(#97),#1495,.T.);
#1561=ADVANCED_FACE('',(#98),#1496,.T.);
#1562=ADVANCED_FACE('',(#99),#1497,.T.);
#1563=ADVANCED_FACE('',(#100),#1498,.T.);
#1564=ADVANCED_FACE('',(#101),#1499,.T.);
#1565=ADVANCED_FACE('',(#102,#40,#41),#1500,.T.);
#1566=ADVANCED_FACE('',(#103),#1501,.T.);
#1567=ADVANCED_FACE('',(#104),#1502,.T.);
#1568=ADVANCED_FACE('',(#105),#1503,.T.);
#1569=ADVANCED_FACE('',(#106),#1504,.T.);
#1570=ADVANCED_FACE('',(#107),#1505,.T.);
#1571=ADVANCED_FACE('',(#108),#1506,.T.);
#1572=ADVANCED_FACE('',(#109),#1507,.T.);
#1573=ADVANCED_FACE('',(#110),#1508,.T.);
#1574=ADVANCED_FACE('',(#111),#1509,.T.);
#1575=ADVANCED_FACE('',(#112),#1510,.T.);
#1576=ADVANCED_FACE('',(#113),#1511,.T.);
#1577=ADVANCED_FACE('',(#114),#21,.T.);
#1578=ADVANCED_FACE('',(#115),#1512,.T.);
#1579=ADVANCED_FACE('',(#116),#1513,.F.);
#1580=ADVANCED_FACE('',(#117),#22,.T.);
#1581=ADVANCED_FACE('',(#118),#1514,.T.);
#1582=ADVANCED_FACE('',(#119),#1515,.F.);
#1583=ADVANCED_FACE('',(#120),#23,.T.);
#1584=ADVANCED_FACE('',(#121),#1516,.T.);
#1585=ADVANCED_FACE('',(#122),#1517,.F.);
#1586=ADVANCED_FACE('',(#123),#24,.T.);
#1587=ADVANCED_FACE('',(#124),#1518,.T.);
#1588=ADVANCED_FACE('',(#125),#1519,.F.);
#1589=ADVANCED_FACE('',(#126),#25,.F.);
#1590=ADVANCED_FACE('',(#127),#26,.F.);
#1591=ADVANCED_FACE('',(#128),#27,.T.);
#1592=ADVANCED_FACE('',(#129),#19,.T.);
#1593=ADVANCED_FACE('',(#130),#1520,.F.);
#1594=ADVANCED_FACE('',(#131),#28,.T.);
#1595=ADVANCED_FACE('',(#132),#20,.T.);
#1596=ADVANCED_FACE('',(#133),#15,.T.);
#1597=ADVANCED_FACE('',(#134),#29,.T.);
#1598=ADVANCED_FACE('',(#135),#16,.T.);
#1599=ADVANCED_FACE('',(#136),#30,.T.);
#1600=ADVANCED_FACE('',(#137),#31,.T.);
#1601=ADVANCED_FACE('',(#138),#17,.T.);
#1602=ADVANCED_FACE('',(#139),#32,.T.);
#1603=ADVANCED_FACE('',(#140),#18,.T.);
#1604=ADVANCED_FACE('',(#141),#33,.T.);
#1605=ADVANCED_FACE('',(#142),#34,.T.);
#1606=ADVANCED_FACE('',(#143),#35,.T.);
#1607=ADVANCED_FACE('',(#144),#36,.T.);
#1608=ADVANCED_FACE('',(#145,#42,#43,#44),#1521,.T.);
#1609=ADVANCED_FACE('',(#146,#45),#1522,.T.);
#1610=ADVANCED_FACE('',(#147),#1523,.T.);
#1611=ADVANCED_FACE('',(#148),#1524,.T.);
#1612=ADVANCED_FACE('',(#149),#1525,.T.);
#1613=ADVANCED_FACE('',(#150),#1526,.T.);
#1614=ADVANCED_FACE('',(#151),#1527,.T.);
#1615=ADVANCED_FACE('',(#152),#37,.F.);
#1616=ADVANCED_FACE('',(#153),#1528,.F.);
#1617=ADVANCED_FACE('',(#154),#1529,.F.);
#1618=ADVANCED_FACE('',(#155),#1530,.F.);
#1619=ADVANCED_FACE('',(#156),#1531,.F.);
#1620=ADVANCED_FACE('',(#157),#1532,.T.);
#1621=ADVANCED_FACE('',(#158),#1533,.T.);
#1622=ADVANCED_FACE('',(#159),#1534,.T.);
#1623=ADVANCED_FACE('',(#160),#1535,.T.);
#1624=ADVANCED_FACE('',(#161),#1536,.T.);
#1625=ADVANCED_FACE('',(#162),#1537,.T.);
#1626=ADVANCED_FACE('',(#163),#1538,.T.);
#1627=ADVANCED_FACE('',(#164),#1539,.T.);
#1628=ADVANCED_FACE('',(#165),#1540,.T.);
#1629=ADVANCED_FACE('',(#166),#1541,.T.);
#1630=ADVANCED_FACE('',(#167),#1542,.T.);
#1631=ADVANCED_FACE('',(#168),#1543,.T.);
#1632=ADVANCED_FACE('',(#169),#1544,.T.);
#1633=ADVANCED_FACE('',(#170,#46),#1545,.T.);
#1634=ADVANCED_FACE('',(#171),#1546,.T.);
#1635=ADVANCED_FACE('',(#172),#1547,.T.);
#1636=ADVANCED_FACE('',(#173),#1548,.T.);
#1637=ADVANCED_FACE('',(#174),#1549,.T.);
#1638=ADVANCED_FACE('',(#175,#47),#1550,.T.);
#1639=ADVANCED_FACE('',(#176,#48),#1551,.T.);
#1640=ADVANCED_FACE('',(#177,#49,#50,#51),#1552,.T.);
#1641=ADVANCED_FACE('',(#178,#52),#1553,.T.);
#1642=CLOSED_SHELL('',(#1554,#1555,#1556,#1557,#1558,#1559,#1560,#1561,
#1562,#1563,#1564,#1565,#1566,#1567,#1568,#1569,#1570,#1571,#1572,#1573,
#1574,#1575,#1576,#1577,#1578,#1579,#1580,#1581,#1582,#1583,#1584,#1585,
#1586,#1587,#1588,#1589,#1590,#1591,#1592,#1593,#1594,#1595,#1596,#1597,
#1598,#1599,#1600,#1601,#1602,#1603,#1604,#1605,#1606,#1607,#1608,#1609,
#1610,#1611,#1612,#1613,#1614,#1615,#1616,#1617,#1618,#1619,#1620,#1621,
#1622,#1623,#1624,#1625,#1626,#1627,#1628,#1629,#1630,#1631,#1632,#1633,
#1634,#1635,#1636,#1637,#1638,#1639,#1640,#1641));
#1643=DERIVED_UNIT_ELEMENT(#1645,1.);
#1644=DERIVED_UNIT_ELEMENT(#2694,-3.);
#1645=(
MASS_UNIT()
NAMED_UNIT(*)
SI_UNIT(.KILO.,.GRAM.)
);
#1646=DERIVED_UNIT((#1643,#1644));
#1647=MEASURE_REPRESENTATION_ITEM('density measure',
POSITIVE_RATIO_MEASURE(7850.),#1646);
#1648=PROPERTY_DEFINITION_REPRESENTATION(#1653,#1650);
#1649=PROPERTY_DEFINITION_REPRESENTATION(#1654,#1651);
#1650=REPRESENTATION('material name',(#1652),#2691);
#1651=REPRESENTATION('density',(#1647),#2691);
#1652=DESCRIPTIVE_REPRESENTATION_ITEM('Steel','Steel');
#1653=PROPERTY_DEFINITION('material property','material name',#2701);
#1654=PROPERTY_DEFINITION('material property','density of part',#2701);
#1655=AXIS2_PLACEMENT_3D('',#2225,#1782,#1783);
#1656=AXIS2_PLACEMENT_3D('',#2226,#1784,#1785);
#1657=AXIS2_PLACEMENT_3D('',#2235,#1790,#1791);
#1658=AXIS2_PLACEMENT_3D('',#2241,#1795,#1796);
#1659=AXIS2_PLACEMENT_3D('',#2245,#1799,#1800);
#1660=AXIS2_PLACEMENT_3D('',#2266,#1811,#1812);
#1661=AXIS2_PLACEMENT_3D('',#2277,#1818,#1819);
#1662=AXIS2_PLACEMENT_3D('',#2286,#1824,#1825);
#1663=AXIS2_PLACEMENT_3D('',#2292,#1829,#1830);
#1664=AXIS2_PLACEMENT_3D('',#2296,#1833,#1834);
#1665=AXIS2_PLACEMENT_3D('',#2330,#1853,#1854);
#1666=AXIS2_PLACEMENT_3D('',#2339,#1859,#1860);
#1667=AXIS2_PLACEMENT_3D('',#2345,#1864,#1865);
#1668=AXIS2_PLACEMENT_3D('',#2353,#1870,#1871);
#1669=AXIS2_PLACEMENT_3D('',#2366,#1879,#1880);
#1670=AXIS2_PLACEMENT_3D('',#2377,#1886,#1887);
#1671=AXIS2_PLACEMENT_3D('',#2386,#1892,#1893);
#1672=AXIS2_PLACEMENT_3D('',#2392,#1897,#1898);
#1673=AXIS2_PLACEMENT_3D('',#2397,#1902,#1903);
#1674=AXIS2_PLACEMENT_3D('',#2401,#1906,#1907);
#1675=AXIS2_PLACEMENT_3D('',#2410,#1912,#1913);
#1676=AXIS2_PLACEMENT_3D('',#2416,#1917,#1918);
#1677=AXIS2_PLACEMENT_3D('',#2417,#1919,#1920);
#1678=AXIS2_PLACEMENT_3D('',#2418,#1921,#1922);
#1679=AXIS2_PLACEMENT_3D('',#2419,#1923,#1924);
#1680=AXIS2_PLACEMENT_3D('',#2420,#1925,#1926);
#1681=AXIS2_PLACEMENT_3D('',#2421,#1927,#1928);
#1682=AXIS2_PLACEMENT_3D('',#2430,#1933,#1934);
#1683=AXIS2_PLACEMENT_3D('',#2436,#1938,#1939);
#1684=AXIS2_PLACEMENT_3D('',#2437,#1940,#1941);
#1685=AXIS2_PLACEMENT_3D('',#2438,#1942,#1943);
#1686=AXIS2_PLACEMENT_3D('',#2439,#1944,#1945);
#1687=AXIS2_PLACEMENT_3D('',#2442,#1946,#1947);
#1688=AXIS2_PLACEMENT_3D('',#2446,#1949,#1950);
#1689=AXIS2_PLACEMENT_3D('',#2448,#1952,#1953);
#1690=AXIS2_PLACEMENT_3D('',#2450,#1955,#1956);
#1691=AXIS2_PLACEMENT_3D('',#2452,#1958,#1959);
#1692=AXIS2_PLACEMENT_3D('',#2455,#1960,#1961);
#1693=AXIS2_PLACEMENT_3D('',#2459,#1963,#1964);
#1694=AXIS2_PLACEMENT_3D('',#2461,#1966,#1967);
#1695=AXIS2_PLACEMENT_3D('',#2463,#1969,#1970);
#1696=AXIS2_PLACEMENT_3D('',#2465,#1972,#1973);
#1697=AXIS2_PLACEMENT_3D('',#2468,#1974,#1975);
#1698=AXIS2_PLACEMENT_3D('',#2472,#1977,#1978);
#1699=AXIS2_PLACEMENT_3D('',#2474,#1980,#1981);
#1700=AXIS2_PLACEMENT_3D('',#2476,#1983,#1984);
#1701=AXIS2_PLACEMENT_3D('',#2478,#1986,#1987);
#1702=AXIS2_PLACEMENT_3D('',#2481,#1988,#1989);
#1703=AXIS2_PLACEMENT_3D('',#2485,#1991,#1992);
#1704=AXIS2_PLACEMENT_3D('',#2487,#1994,#1995);
#1705=AXIS2_PLACEMENT_3D('',#2489,#1997,#1998);
#1706=AXIS2_PLACEMENT_3D('',#2491,#2000,#2001);
#1707=AXIS2_PLACEMENT_3D('',#2494,#2003,#2004);
#1708=AXIS2_PLACEMENT_3D('',#2495,#2005,#2006);
#1709=AXIS2_PLACEMENT_3D('',#2497,#2007,#2008);
#1710=AXIS2_PLACEMENT_3D('',#2499,#2010,#2011);
#1711=AXIS2_PLACEMENT_3D('',#2500,#2012,#2013);
#1712=AXIS2_PLACEMENT_3D('',#2501,#2014,#2015);
#1713=AXIS2_PLACEMENT_3D('',#2502,#2016,#2017);
#1714=AXIS2_PLACEMENT_3D('',#2503,#2018,#2019);
#1715=AXIS2_PLACEMENT_3D('',#2504,#2020,#2021);
#1716=AXIS2_PLACEMENT_3D('',#2505,#2022,#2023);
#1717=AXIS2_PLACEMENT_3D('',#2506,#2024,#2025);
#1718=AXIS2_PLACEMENT_3D('',#2507,#2026,#2027);
#1719=AXIS2_PLACEMENT_3D('',#2510,#2028,#2029);
#1720=AXIS2_PLACEMENT_3D('',#2512,#2030,#2031);
#1721=AXIS2_PLACEMENT_3D('',#2513,#2032,#2033);
#1722=AXIS2_PLACEMENT_3D('',#2514,#2034,#2035);
#1723=AXIS2_PLACEMENT_3D('',#2517,#2036,#2037);
#1724=AXIS2_PLACEMENT_3D('',#2520,#2040,#2041);
#1725=AXIS2_PLACEMENT_3D('',#2523,#2042,#2043);
#1726=AXIS2_PLACEMENT_3D('',#2525,#2044,#2045);
#1727=AXIS2_PLACEMENT_3D('',#2526,#2046,#2047);
#1728=AXIS2_PLACEMENT_3D('',#2527,#2048,#2049);
#1729=AXIS2_PLACEMENT_3D('',#2530,#2050,#2051);
#1730=AXIS2_PLACEMENT_3D('',#2533,#2054,#2055);
#1731=AXIS2_PLACEMENT_3D('',#2536,#2058,#2059);
#1732=AXIS2_PLACEMENT_3D('',#2539,#2060,#2061);
#1733=AXIS2_PLACEMENT_3D('',#2541,#2062,#2063);
#1734=AXIS2_PLACEMENT_3D('',#2542,#2064,#2065);
#1735=AXIS2_PLACEMENT_3D('',#2543,#2066,#2067);
#1736=AXIS2_PLACEMENT_3D('',#2546,#2068,#2069);
#1737=AXIS2_PLACEMENT_3D('',#2549,#2072,#2073);
#1738=AXIS2_PLACEMENT_3D('',#2552,#2074,#2075);
#1739=AXIS2_PLACEMENT_3D('',#2554,#2076,#2077);
#1740=AXIS2_PLACEMENT_3D('',#2555,#2078,#2079);
#1741=AXIS2_PLACEMENT_3D('',#2556,#2080,#2081);
#1742=AXIS2_PLACEMENT_3D('',#2559,#2082,#2083);
#1743=AXIS2_PLACEMENT_3D('',#2562,#2086,#2087);
#1744=AXIS2_PLACEMENT_3D('',#2565,#2090,#2091);
#1745=AXIS2_PLACEMENT_3D('',#2568,#2094,#2095);
#1746=AXIS2_PLACEMENT_3D('',#2571,#2098,#2099);
#1747=AXIS2_PLACEMENT_3D('',#2573,#2101,#2102);
#1748=AXIS2_PLACEMENT_3D('',#2583,#2108,#2109);
#1749=AXIS2_PLACEMENT_3D('',#2584,#2110,#2111);
#1750=AXIS2_PLACEMENT_3D('',#2590,#2115,#2116);
#1751=AXIS2_PLACEMENT_3D('',#2594,#2119,#2120);
#1752=AXIS2_PLACEMENT_3D('',#2598,#2123,#2124);
#1753=AXIS2_PLACEMENT_3D('',#2600,#2126,#2127);
#1754=AXIS2_PLACEMENT_3D('',#2602,#2128,#2129);
#1755=AXIS2_PLACEMENT_3D('',#2605,#2131,#2132);
#1756=AXIS2_PLACEMENT_3D('',#2606,#2133,#2134);
#1757=AXIS2_PLACEMENT_3D('',#2612,#2138,#2139);
#1758=AXIS2_PLACEMENT_3D('',#2616,#2142,#2143);
#1759=AXIS2_PLACEMENT_3D('',#2620,#2146,#2147);
#1760=AXIS2_PLACEMENT_3D('',#2622,#2149,#2150);
#1761=AXIS2_PLACEMENT_3D('',#2624,#2152,#2153);
#1762=AXIS2_PLACEMENT_3D('',#2628,#2156,#2157);
#1763=AXIS2_PLACEMENT_3D('',#2630,#2159,#2160);
#1764=AXIS2_PLACEMENT_3D('',#2631,#2161,#2162);
#1765=AXIS2_PLACEMENT_3D('',#2633,#2164,#2165);
#1766=AXIS2_PLACEMENT_3D('',#2635,#2167,#2168);
#1767=AXIS2_PLACEMENT_3D('',#2636,#2169,#2170);
#1768=AXIS2_PLACEMENT_3D('',#2645,#2175,#2176);
#1769=AXIS2_PLACEMENT_3D('',#2648,#2179,#2180);
#1770=AXIS2_PLACEMENT_3D('',#2652,#2183,#2184);
#1771=AXIS2_PLACEMENT_3D('',#2656,#2187,#2188);
#1772=AXIS2_PLACEMENT_3D('',#2665,#2193,#2194);
#1773=AXIS2_PLACEMENT_3D('',#2668,#2197,#2198);
#1774=AXIS2_PLACEMENT_3D('',#2674,#2203,#2204);
#1775=AXIS2_PLACEMENT_3D('',#2678,#2207,#2208);
#1776=AXIS2_PLACEMENT_3D('',#2680,#2210,#2211);
#1777=AXIS2_PLACEMENT_3D('',#2681,#2212,#2213);
#1778=AXIS2_PLACEMENT_3D('',#2682,#2214,#2215);
#1779=AXIS2_PLACEMENT_3D('',#2684,#2217,#2218);
#1780=AXIS2_PLACEMENT_3D('',#2687,#2221,#2222);
#1781=AXIS2_PLACEMENT_3D('',#2688,#2223,#2224);
#1782=DIRECTION('axis',(0.,0.,1.));
#1783=DIRECTION('refdir',(1.,0.,0.));
#1784=DIRECTION('center_axis',(-1.,0.,0.));
#1785=DIRECTION('ref_axis',(0.,0.,1.));
#1786=DIRECTION('',(0.,0.,-1.));
#1787=DIRECTION('',(0.,-1.,0.));
#1788=DIRECTION('',(0.,0.,1.));
#1789=DIRECTION('',(0.,1.,0.));
#1790=DIRECTION('center_axis',(0.,0.,-1.));
#1791=DIRECTION('ref_axis',(-1.,0.,0.));
#1792=DIRECTION('',(1.,0.,0.));
#1793=DIRECTION('',(-1.,0.,0.));
#1794=DIRECTION('',(0.,1.,0.));
#1795=DIRECTION('center_axis',(0.,1.,0.));
#1796=DIRECTION('ref_axis',(0.,0.,1.));
#1797=DIRECTION('',(-1.,0.,8.65670974366594E-17));
#1798=DIRECTION('',(0.,0.,1.));
#1799=DIRECTION('center_axis',(-8.65670974366594E-17,0.,-1.));
#1800=DIRECTION('ref_axis',(-1.,0.,8.65670974366594E-17));
#1801=DIRECTION('',(1.,0.,-8.65670974366594E-17));
#1802=DIRECTION('',(0.,1.,0.));
#1803=DIRECTION('',(-1.,0.,8.65670974366594E-17));
#1804=DIRECTION('',(0.,-1.,0.));
#1805=DIRECTION('',(1.,0.,-8.65670974366594E-17));
#1806=DIRECTION('',(0.,1.,0.));
#1807=DIRECTION('',(-1.,0.,8.65670974366594E-17));
#1808=DIRECTION('',(0.,1.,0.));
#1809=DIRECTION('',(-1.,0.,8.65670974366594E-17));
#1810=DIRECTION('',(0.,1.,0.));
#1811=DIRECTION('center_axis',(8.65670974366594E-17,0.,1.));
#1812=DIRECTION('ref_axis',(1.,0.,0.));
#1813=DIRECTION('',(0.,1.,0.));
#1814=DIRECTION('',(-1.,0.,8.65670974366594E-17));
#1815=DIRECTION('',(0.,-1.,0.));
#1816=DIRECTION('',(0.499999999999999,-0.866025403784439,2.46716227694479E-16));
#1817=DIRECTION('',(0.499999999999999,0.866025403784439,-2.46716227694479E-16));
#1818=DIRECTION('center_axis',(-1.,0.,0.));
#1819=DIRECTION('ref_axis',(0.,0.,1.));
#1820=DIRECTION('',(0.,0.,-1.));
#1821=DIRECTION('',(0.,1.,0.));
#1822=DIRECTION('',(0.,0.,1.));
#1823=DIRECTION('',(0.,1.,0.));
#1824=DIRECTION('center_axis',(0.,0.,1.));
#1825=DIRECTION('ref_axis',(1.,0.,0.));
#1826=DIRECTION('',(-1.,0.,0.));
#1827=DIRECTION('',(0.,-1.,0.));
#1828=DIRECTION('',(1.,0.,0.));
#1829=DIRECTION('center_axis',(0.,1.,0.));
#1830=DIRECTION('ref_axis',(0.,0.,1.));
#1831=DIRECTION('',(0.,0.,1.));
#1832=DIRECTION('',(1.,0.,5.77113982911063E-17));
#1833=DIRECTION('center_axis',(0.,1.,0.));
#1834=DIRECTION('ref_axis',(1.,0.,0.));
#1835=DIRECTION('',(0.,0.,-1.));
#1836=DIRECTION('',(-1.,0.,-8.32667268468867E-16));
#1837=DIRECTION('',(0.,0.,-1.));
#1838=DIRECTION('',(1.,0.,8.32667268468867E-16));
#1839=DIRECTION('',(0.,0.,-1.));
#1840=DIRECTION('',(-1.,0.,-5.77113982911063E-17));
#1841=DIRECTION('',(0.,0.,1.));
#1842=DIRECTION('',(-1.,0.,0.));
#1843=DIRECTION('',(-1.85037170770859E-16,0.,-1.));
#1844=DIRECTION('',(-1.,0.,-5.77113982911063E-17));
#1845=DIRECTION('',(0.,0.,1.));
#1846=DIRECTION('',(-1.,0.,0.));
#1847=DIRECTION('',(0.,0.,1.));
#1848=DIRECTION('',(1.,0.,0.));
#1849=DIRECTION('',(0.,0.,1.));
#1850=DIRECTION('',(-5.55111512312578E-16,0.,-1.));
#1851=DIRECTION('',(1.,0.,0.));
#1852=DIRECTION('',(7.40148683083438E-16,0.,1.));
#1853=DIRECTION('center_axis',(0.,0.,1.));
#1854=DIRECTION('ref_axis',(1.,0.,0.));
#1855=DIRECTION('',(-1.,0.,0.));
#1856=DIRECTION('',(0.,1.,0.));
#1857=DIRECTION('',(1.,0.,0.));
#1858=DIRECTION('',(0.,1.,0.));
#1859=DIRECTION('center_axis',(1.,0.,-2.96059473233375E-16));
#1860=DIRECTION('ref_axis',(-2.96059473233375E-16,0.,-1.));
#1861=DIRECTION('',(2.96059473233375E-16,0.,1.));
#1862=DIRECTION('',(-2.96059473233375E-16,0.,-1.));
#1863=DIRECTION('',(0.,1.,0.));
#1864=DIRECTION('center_axis',(0.,1.,0.));
#1865=DIRECTION('ref_axis',(0.,0.,1.));
#1866=DIRECTION('',(0.,0.,-1.));
#1867=DIRECTION('',(1.,0.,5.77113982911063E-17));
#1868=DIRECTION('',(1.85037170770859E-16,0.,1.));
#1869=DIRECTION('',(1.,0.,0.));
#1870=DIRECTION('center_axis',(-5.77113982911063E-17,0.,1.));
#1871=DIRECTION('ref_axis',(1.,0.,5.77113982911063E-17));
#1872=DIRECTION('',(0.,1.,0.));
#1873=DIRECTION('',(1.,0.,5.77113982911063E-17));
#1874=DIRECTION('',(0.,1.,0.));
#1875=DIRECTION('',(1.,0.,5.77113982911063E-17));
#1876=DIRECTION('',(0.,-1.,0.));
#1877=DIRECTION('',(0.,1.,0.));
#1878=DIRECTION('',(0.,-1.,0.));
#1879=DIRECTION('center_axis',(5.77113982911063E-17,0.,-1.));
#1880=DIRECTION('ref_axis',(1.,0.,0.));
#1881=DIRECTION('',(0.,-1.,0.));
#1882=DIRECTION('',(-0.499999999999999,-0.866025403784439,0.));
#1883=DIRECTION('',(-0.499999999999999,0.866025403784439,0.));
#1884=DIRECTION('',(0.,1.,0.));
#1885=DIRECTION('',(1.,0.,5.77113982911063E-17));
#1886=DIRECTION('center_axis',(-5.55111512312578E-16,0.,-1.));
#1887=DIRECTION('ref_axis',(-1.,0.,5.55111512312578E-16));
#1888=DIRECTION('',(1.,0.,-5.55111512312578E-16));
#1889=DIRECTION('',(0.,1.,0.));
#1890=DIRECTION('',(-1.,0.,5.55111512312578E-16));
#1891=DIRECTION('',(0.,1.,0.));
#1892=DIRECTION('center_axis',(1.,0.,0.));
#1893=DIRECTION('ref_axis',(0.,0.,-1.));
#1894=DIRECTION('',(0.,0.,1.));
#1895=DIRECTION('',(0.,1.,0.));
#1896=DIRECTION('',(0.,0.,-1.));
#1897=DIRECTION('center_axis',(0.,1.,0.));
#1898=DIRECTION('ref_axis',(0.,0.,1.));
#1899=DIRECTION('',(-1.,0.,0.));
#1900=DIRECTION('',(5.55111512312578E-16,0.,1.));
#1901=DIRECTION('',(-7.40148683083438E-16,0.,-1.));
#1902=DIRECTION('center_axis',(0.,1.,0.));
#1903=DIRECTION('ref_axis',(0.,0.,1.));
#1904=DIRECTION('',(-7.40148683083438E-16,0.,-1.));
#1905=DIRECTION('',(-1.,0.,0.));
#1906=DIRECTION('center_axis',(0.,0.,1.));
#1907=DIRECTION('ref_axis',(1.,0.,0.));
#1908=DIRECTION('',(-1.,0.,0.));
#1909=DIRECTION('',(0.,1.,0.));
#1910=DIRECTION('',(1.,0.,0.));
#1911=DIRECTION('',(0.,1.,0.));
#1912=DIRECTION('center_axis',(-1.,0.,4.98660390379865E-15));
#1913=DIRECTION('ref_axis',(4.98660390379865E-15,0.,1.));
#1914=DIRECTION('',(-4.98660390379865E-15,0.,-1.));
#1915=DIRECTION('',(0.,1.,0.));
#1916=DIRECTION('',(4.98660390379865E-15,0.,1.));
#1917=DIRECTION('center_axis',(0.,1.,0.));
#1918=DIRECTION('ref_axis',(-1.,0.,0.));
#1919=DIRECTION('center_axis',(0.,1.,0.));
#1920=DIRECTION('ref_axis',(-1.,0.,-4.93432455388958E-16));
#1921=DIRECTION('center_axis',(0.,1.,0.));
#1922=DIRECTION('ref_axis',(-1.,0.,-4.93432455388958E-16));
#1923=DIRECTION('center_axis',(0.,1.,0.));
#1924=DIRECTION('ref_axis',(0.,0.,1.));
#1925=DIRECTION('center_axis',(0.,-1.,0.));
#1926=DIRECTION('ref_axis',(1.,0.,0.));
#1927=DIRECTION('center_axis',(0.,0.,-1.));
#1928=DIRECTION('ref_axis',(-1.,0.,0.));
#1929=DIRECTION('',(1.,0.,0.));
#1930=DIRECTION('',(0.,1.,0.));
#1931=DIRECTION('',(-1.,0.,0.));
#1932=DIRECTION('',(0.,1.,0.));
#1933=DIRECTION('center_axis',(-1.,0.,-4.98660390379866E-15));
#1934=DIRECTION('ref_axis',(-4.98660390379866E-15,0.,1.));
#1935=DIRECTION('',(4.98660390379866E-15,0.,-1.));
#1936=DIRECTION('',(-4.98660390379866E-15,0.,1.));
#1937=DIRECTION('',(0.,1.,0.));
#1938=DIRECTION('center_axis',(0.,1.,0.));
#1939=DIRECTION('ref_axis',(-1.,0.,0.));
#1940=DIRECTION('center_axis',(0.,1.,0.));
#1941=DIRECTION('ref_axis',(1.,0.,0.));
#1942=DIRECTION('center_axis',(0.,1.,0.));
#1943=DIRECTION('ref_axis',(1.,0.,0.));
#1944=DIRECTION('center_axis',(1.,0.,0.));
#1945=DIRECTION('ref_axis',(0.,1.22464679914735E-16,1.));
#1946=DIRECTION('center_axis',(1.,0.,0.));
#1947=DIRECTION('ref_axis',(0.,0.,-1.));
#1948=DIRECTION('',(-1.,0.,0.));
#1949=DIRECTION('center_axis',(1.,0.,0.));
#1950=DIRECTION('ref_axis',(0.,0.,-1.));
#1951=DIRECTION('',(1.,0.,0.));
#1952=DIRECTION('center_axis',(1.,0.,0.));
#1953=DIRECTION('ref_axis',(0.,0.,-1.));
#1954=DIRECTION('',(0.,-1.,0.));
#1955=DIRECTION('center_axis',(1.,0.,0.));
#1956=DIRECTION('ref_axis',(0.,0.,-1.));
#1957=DIRECTION('',(0.,1.,0.));
#1958=DIRECTION('center_axis',(1.,0.,0.));
#1959=DIRECTION('ref_axis',(0.,0.,-1.));
#1960=DIRECTION('center_axis',(1.,0.,0.));
#1961=DIRECTION('ref_axis',(0.,0.,-1.));
#1962=DIRECTION('',(-1.,0.,0.));
#1963=DIRECTION('center_axis',(1.,0.,0.));
#1964=DIRECTION('ref_axis',(0.,0.,-1.));
#1965=DIRECTION('',(1.,0.,0.));
#1966=DIRECTION('center_axis',(1.,0.,0.));
#1967=DIRECTION('ref_axis',(0.,0.,-1.));
#1968=DIRECTION('',(0.,1.,0.));
#1969=DIRECTION('center_axis',(1.,0.,0.));
#1970=DIRECTION('ref_axis',(0.,0.,-1.));
#1971=DIRECTION('',(0.,-1.,0.));
#1972=DIRECTION('center_axis',(1.,0.,0.));
#1973=DIRECTION('ref_axis',(0.,0.,-1.));
#1974=DIRECTION('center_axis',(1.,0.,0.));
#1975=DIRECTION('ref_axis',(0.,0.,-1.));
#1976=DIRECTION('',(-1.,0.,0.));
#1977=DIRECTION('center_axis',(1.,0.,0.));
#1978=DIRECTION('ref_axis',(0.,0.,-1.));
#1979=DIRECTION('',(1.,0.,0.));
#1980=DIRECTION('center_axis',(1.,0.,0.));
#1981=DIRECTION('ref_axis',(0.,0.,-1.));
#1982=DIRECTION('',(0.,1.,0.));
#1983=DIRECTION('center_axis',(1.,0.,0.));
#1984=DIRECTION('ref_axis',(0.,0.,-1.));
#1985=DIRECTION('',(0.,-1.,0.));
#1986=DIRECTION('center_axis',(1.,0.,0.));
#1987=DIRECTION('ref_axis',(0.,1.22464679914735E-16,1.));
#1988=DIRECTION('center_axis',(1.,0.,0.));
#1989=DIRECTION('ref_axis',(0.,0.,-1.));
#1990=DIRECTION('',(-1.,0.,0.));
#1991=DIRECTION('center_axis',(1.,0.,0.));
#1992=DIRECTION('ref_axis',(0.,0.,-1.));
#1993=DIRECTION('',(1.,0.,0.));
#1994=DIRECTION('center_axis',(1.,0.,0.));
#1995=DIRECTION('ref_axis',(0.,0.,-1.));
#1996=DIRECTION('',(0.,-1.,0.));
#1997=DIRECTION('center_axis',(1.,0.,0.));
#1998=DIRECTION('ref_axis',(0.,0.,-1.));
#1999=DIRECTION('',(0.,1.,0.));
#2000=DIRECTION('center_axis',(0.,0.,1.));
#2001=DIRECTION('ref_axis',(1.,0.,0.));
#2002=DIRECTION('',(0.,0.,1.));
#2003=DIRECTION('center_axis',(-5.66079298725383E-17,0.,-1.));
#2004=DIRECTION('ref_axis',(1.,0.,0.));
#2005=DIRECTION('center_axis',(0.,0.,1.));
#2006=DIRECTION('ref_axis',(1.,0.,0.));
#2007=DIRECTION('center_axis',(-2.83039649362691E-17,0.,1.));
#2008=DIRECTION('ref_axis',(1.,0.,0.));
#2009=DIRECTION('',(0.,0.,1.));
#2010=DIRECTION('center_axis',(0.,1.,0.));
#2011=DIRECTION('ref_axis',(1.,0.,1.22464679914735E-16));
#2012=DIRECTION('center_axis',(0.,1.,0.));
#2013=DIRECTION('ref_axis',(1.,0.,1.22464679914735E-16));
#2014=DIRECTION('center_axis',(0.,1.,0.));
#2015=DIRECTION('ref_axis',(1.,0.,1.22464679914735E-16));
#2016=DIRECTION('center_axis',(0.,1.,0.));
#2017=DIRECTION('ref_axis',(1.,0.,1.22464679914735E-16));
#2018=DIRECTION('center_axis',(0.,-1.,0.));
#2019=DIRECTION('ref_axis',(1.22464679914735E-16,0.,-1.));
#2020=DIRECTION('center_axis',(0.,-1.,0.));
#2021=DIRECTION('ref_axis',(1.,0.,0.));
#2022=DIRECTION('center_axis',(0.,-1.,0.));
#2023=DIRECTION('ref_axis',(1.,0.,0.));
#2024=DIRECTION('center_axis',(0.,1.,0.));
#2025=DIRECTION('ref_axis',(1.,0.,0.));
#2026=DIRECTION('center_axis',(-0.408248290463859,0.408248290463862,-0.816496580927728));
#2027=DIRECTION('ref_axis',(0.57735026918963,-0.577350269189625,-0.577350269189623));
#2028=DIRECTION('center_axis',(1.,0.,0.));
#2029=DIRECTION('ref_axis',(0.,0.,-1.));
#2030=DIRECTION('center_axis',(0.,-1.,0.));
#2031=DIRECTION('ref_axis',(1.,0.,0.));
#2032=DIRECTION('center_axis',(0.,0.,-1.));
#2033=DIRECTION('ref_axis',(0.,-1.,0.));
#2034=DIRECTION('center_axis',(0.,-1.,0.));
#2035=DIRECTION('ref_axis',(0.707106781186552,0.,-0.707106781186543));
#2036=DIRECTION('center_axis',(0.,-1.,0.));
#2037=DIRECTION('ref_axis',(0.707106781186552,0.,-0.707106781186543));
#2038=DIRECTION('',(0.,-1.,0.));
#2039=DIRECTION('',(0.,1.,0.));
#2040=DIRECTION('center_axis',(0.408248290463863,-0.816496580927726,0.408248290463863));
#2041=DIRECTION('ref_axis',(-0.577350269189626,-0.577350269189624,-0.577350269189628));
#2042=DIRECTION('center_axis',(0.,0.,-1.));
#2043=DIRECTION('ref_axis',(-1.,0.,0.));
#2044=DIRECTION('center_axis',(0.,-1.,0.));
#2045=DIRECTION('ref_axis',(0.,0.,-1.));
#2046=DIRECTION('center_axis',(-1.,0.,-2.96059473233374E-15));
#2047=DIRECTION('ref_axis',(0.,-1.,0.));
#2048=DIRECTION('center_axis',(0.,1.,0.));
#2049=DIRECTION('ref_axis',(-0.707106781186545,0.,-0.70710678118655));
#2050=DIRECTION('center_axis',(0.,-1.,0.));
#2051=DIRECTION('ref_axis',(-0.707106781186545,0.,-0.70710678118655));
#2052=DIRECTION('',(0.,-1.,0.));
#2053=DIRECTION('',(0.,1.,0.));
#2054=DIRECTION('center_axis',(1.,0.,2.83039649362691E-17));
#2055=DIRECTION('ref_axis',(0.,-0.707106781186547,-0.707106781186548));
#2056=DIRECTION('',(-1.,0.,-2.83039649362691E-17));
#2057=DIRECTION('',(1.,0.,2.83039649362691E-17));
#2058=DIRECTION('center_axis',(-0.40824829046386,-0.816496580927728,-0.408248290463863));
#2059=DIRECTION('ref_axis',(0.577350269189624,-0.577350269189626,0.577350269189627));
#2060=DIRECTION('center_axis',(0.,0.,1.));
#2061=DIRECTION('ref_axis',(1.,0.,0.));
#2062=DIRECTION('center_axis',(0.,-1.,0.));
#2063=DIRECTION('ref_axis',(0.,0.,1.));
#2064=DIRECTION('center_axis',(1.,0.,0.));
#2065=DIRECTION('ref_axis',(0.,-1.,0.));
#2066=DIRECTION('center_axis',(0.,1.,0.));
#2067=DIRECTION('ref_axis',(0.707106781186554,0.,0.707106781186541));
#2068=DIRECTION('center_axis',(0.,-1.,0.));
#2069=DIRECTION('ref_axis',(0.707106781186554,0.,0.707106781186541));
#2070=DIRECTION('',(0.,-1.,0.));
#2071=DIRECTION('',(0.,1.,0.));
#2072=DIRECTION('center_axis',(-0.408248290463863,-0.408248290463862,-0.816496580927726));
#2073=DIRECTION('ref_axis',(-0.577350269189626,-0.577350269189625,0.577350269189626));
#2074=DIRECTION('center_axis',(-1.,0.,0.));
#2075=DIRECTION('ref_axis',(0.,0.,1.));
#2076=DIRECTION('center_axis',(0.,-1.,0.));
#2077=DIRECTION('ref_axis',(-1.,0.,0.));
#2078=DIRECTION('center_axis',(-2.96059473233376E-15,0.,1.));
#2079=DIRECTION('ref_axis',(0.,-1.,0.));
#2080=DIRECTION('center_axis',(0.,1.,0.));
#2081=DIRECTION('ref_axis',(-0.70710678118655,0.,0.707106781186545));
#2082=DIRECTION('center_axis',(0.,-1.,0.));
#2083=DIRECTION('ref_axis',(-0.70710678118655,0.,0.707106781186545));
#2084=DIRECTION('',(0.,-1.,0.));
#2085=DIRECTION('',(0.,1.,0.));
#2086=DIRECTION('center_axis',(0.,0.,-1.));
#2087=DIRECTION('ref_axis',(-0.707106781186546,-0.707106781186549,0.));
#2088=DIRECTION('',(0.,0.,1.));
#2089=DIRECTION('',(0.,0.,-1.));
#2090=DIRECTION('center_axis',(-1.,0.,5.66079298725383E-17));
#2091=DIRECTION('ref_axis',(0.,-0.707106781186549,0.707106781186546));
#2092=DIRECTION('',(1.,0.,-5.66079298725383E-17));
#2093=DIRECTION('',(-1.,0.,5.66079298725383E-17));
#2094=DIRECTION('center_axis',(0.,0.,1.));
#2095=DIRECTION('ref_axis',(0.707106781186553,-0.707106781186543,0.));
#2096=DIRECTION('',(0.,0.,-1.));
#2097=DIRECTION('',(0.,0.,1.));
#2098=DIRECTION('center_axis',(2.83039649362691E-17,0.,-1.));
#2099=DIRECTION('ref_axis',(1.,0.,2.83039649362691E-17));
#2100=DIRECTION('',(-1.,0.,-2.83039649362691E-17));
#2101=DIRECTION('center_axis',(-1.,0.,0.));
#2102=DIRECTION('ref_axis',(0.,0.,-1.));
#2103=DIRECTION('',(0.,0.,1.));
#2104=DIRECTION('',(0.,0.,1.));
#2105=DIRECTION('',(0.,-1.,0.));
#2106=DIRECTION('',(0.,1.47439976709848E-16,-1.));
#2107=DIRECTION('',(0.,1.,0.));
#2108=DIRECTION('center_axis',(0.,-1.,0.));
#2109=DIRECTION('ref_axis',(0.,0.,-1.));
#2110=DIRECTION('center_axis',(-8.32667268468867E-16,0.,1.));
#2111=DIRECTION('ref_axis',(1.,0.,8.32667268468867E-16));
#2112=DIRECTION('',(0.,-1.,0.));
#2113=DIRECTION('',(1.,0.,8.32667268468867E-16));
#2114=DIRECTION('',(0.,1.,0.));
#2115=DIRECTION('center_axis',(-1.,0.,0.));
#2116=DIRECTION('ref_axis',(0.,0.,1.));
#2117=DIRECTION('',(0.,0.,1.));
#2118=DIRECTION('',(0.,1.,0.));
#2119=DIRECTION('center_axis',(8.32667268468867E-16,0.,-1.));
#2120=DIRECTION('ref_axis',(-1.,0.,-8.32667268468867E-16));
#2121=DIRECTION('',(-1.,0.,-8.32667268468867E-16));
#2122=DIRECTION('',(0.,1.,0.));
#2123=DIRECTION('center_axis',(0.,1.,0.));
#2124=DIRECTION('ref_axis',(0.,0.,1.));
#2125=DIRECTION('',(0.,0.,1.));
#2126=DIRECTION('center_axis',(-1.,0.,0.));
#2127=DIRECTION('ref_axis',(0.,0.,-1.));
#2128=DIRECTION('center_axis',(-1.,0.,0.));
#2129=DIRECTION('ref_axis',(0.,0.,-1.));
#2130=DIRECTION('',(-1.,0.,0.));
#2131=DIRECTION('center_axis',(1.,0.,0.));
#2132=DIRECTION('ref_axis',(0.,0.,-1.));
#2133=DIRECTION('center_axis',(0.,1.,0.));
#2134=DIRECTION('ref_axis',(0.,0.,1.));
#2135=DIRECTION('',(1.,0.,0.));
#2136=DIRECTION('',(0.,0.,-1.));
#2137=DIRECTION('',(1.,0.,0.));
#2138=DIRECTION('center_axis',(0.,0.,-1.));
#2139=DIRECTION('ref_axis',(0.,1.,0.));
#2140=DIRECTION('',(1.,0.,0.));
#2141=DIRECTION('',(0.,-1.,0.));
#2142=DIRECTION('center_axis',(0.,-1.,-1.47439976709848E-16));
#2143=DIRECTION('ref_axis',(0.,1.47439976709848E-16,-1.));
#2144=DIRECTION('',(1.,0.,0.));
#2145=DIRECTION('',(0.,-1.47439976709848E-16,1.));
#2146=DIRECTION('center_axis',(0.,0.,1.));
#2147=DIRECTION('ref_axis',(0.,-1.,0.));
#2148=DIRECTION('',(0.,1.,0.));
#2149=DIRECTION('center_axis',(-1.,0.,1.85037170770859E-16));
#2150=DIRECTION('ref_axis',(1.85037170770859E-16,0.,1.));
#2151=DIRECTION('',(0.,1.,0.));
#2152=DIRECTION('center_axis',(1.,0.,0.));
#2153=DIRECTION('ref_axis',(0.,0.,-1.));
#2154=DIRECTION('',(0.,0.,-1.));
#2155=DIRECTION('',(0.,1.,0.));
#2156=DIRECTION('center_axis',(0.,0.,1.));
#2157=DIRECTION('ref_axis',(1.,0.,0.));
#2158=DIRECTION('',(1.,0.,0.));
#2159=DIRECTION('center_axis',(0.,1.,0.));
#2160=DIRECTION('ref_axis',(0.,0.,1.));
#2161=DIRECTION('center_axis',(-1.,0.,5.55111512312578E-16));
#2162=DIRECTION('ref_axis',(5.55111512312578E-16,0.,1.));
#2163=DIRECTION('',(0.,1.,0.));
#2164=DIRECTION('center_axis',(0.,0.,-1.));
#2165=DIRECTION('ref_axis',(-1.,0.,0.));
#2166=DIRECTION('',(0.,1.,0.));
#2167=DIRECTION('center_axis',(1.,0.,-7.40148683083438E-16));
#2168=DIRECTION('ref_axis',(-7.40148683083438E-16,0.,-1.));
#2169=DIRECTION('center_axis',(-3.70074341541719E-16,0.,1.));
#2170=DIRECTION('ref_axis',(1.,0.,3.70074341541719E-16));
#2171=DIRECTION('',(-1.,0.,-3.70074341541719E-16));
#2172=DIRECTION('',(0.,1.,0.));
#2173=DIRECTION('',(1.,0.,3.70074341541719E-16));
#2174=DIRECTION('',(0.,1.,0.));
#2175=DIRECTION('center_axis',(0.,1.,0.));
#2176=DIRECTION('ref_axis',(0.,0.,1.));
#2177=DIRECTION('',(0.,0.,-1.));
#2178=DIRECTION('',(0.,0.,-1.));
#2179=DIRECTION('center_axis',(1.,0.,0.));
#2180=DIRECTION('ref_axis',(0.,0.,-1.));
#2181=DIRECTION('',(0.,0.,-1.));
#2182=DIRECTION('',(0.,1.,0.));
#2183=DIRECTION('center_axis',(0.,1.,0.));
#2184=DIRECTION('ref_axis',(0.,0.,1.));
#2185=DIRECTION('',(0.,0.,-1.));
#2186=DIRECTION('',(1.,0.,0.));
#2187=DIRECTION('center_axis',(0.,0.,-1.));
#2188=DIRECTION('ref_axis',(-1.,0.,0.));
#2189=DIRECTION('',(1.,0.,0.));
#2190=DIRECTION('',(0.,-1.,0.));
#2191=DIRECTION('',(-1.,0.,0.));
#2192=DIRECTION('',(0.,1.,0.));
#2193=DIRECTION('center_axis',(0.,1.,0.));
#2194=DIRECTION('ref_axis',(0.,0.,1.));
#2195=DIRECTION('',(0.,0.,-1.));
#2196=DIRECTION('',(0.,0.,-1.));
#2197=DIRECTION('center_axis',(1.,0.,0.));
#2198=DIRECTION('ref_axis',(0.,0.,-1.));
#2199=DIRECTION('',(0.,0.,-1.));
#2200=DIRECTION('',(0.,0.,-1.));
#2201=DIRECTION('',(0.,-1.,0.));
#2202=DIRECTION('',(0.,1.,0.));
#2203=DIRECTION('center_axis',(0.,1.,0.));
#2204=DIRECTION('ref_axis',(0.,0.,1.));
#2205=DIRECTION('',(0.,0.,-1.));
#2206=DIRECTION('',(-1.,0.,0.));
#2207=DIRECTION('center_axis',(1.,0.,0.));
#2208=DIRECTION('ref_axis',(0.,0.,-1.));
#2209=DIRECTION('',(0.,1.,0.));
#2210=DIRECTION('center_axis',(0.,0.,1.));
#2211=DIRECTION('ref_axis',(1.,0.,0.));
#2212=DIRECTION('center_axis',(0.,0.,-1.));
#2213=DIRECTION('ref_axis',(-1.,0.,0.));
#2214=DIRECTION('center_axis',(-1.,0.,0.));
#2215=DIRECTION('ref_axis',(0.,0.,1.));
#2216=DIRECTION('',(0.,0.,1.));
#2217=DIRECTION('center_axis',(0.,1.,0.));
#2218=DIRECTION('ref_axis',(0.,0.,1.));
#2219=DIRECTION('',(1.,0.,-5.66079298725383E-17));
#2220=DIRECTION('',(0.,0.,-1.));
#2221=DIRECTION('center_axis',(5.66079298725383E-17,0.,1.));
#2222=DIRECTION('ref_axis',(-1.,0.,5.66079298725383E-17));
#2223=DIRECTION('center_axis',(1.,0.,0.));
#2224=DIRECTION('ref_axis',(0.,0.,1.));
#2225=CARTESIAN_POINT('',(0.,0.,0.));
#2226=CARTESIAN_POINT('Origin',(111.260580743918,0.,21.));
#2227=CARTESIAN_POINT('',(111.260580743918,0.,30.5));
#2228=CARTESIAN_POINT('',(111.260580743918,0.,21.));
#2229=CARTESIAN_POINT('',(111.260580743918,0.,10.5));
#2230=CARTESIAN_POINT('',(111.260580743918,20.,30.5));
#2231=CARTESIAN_POINT('',(111.260580743918,0.,30.5));
#2232=CARTESIAN_POINT('',(111.260580743918,20.,21.));
#2233=CARTESIAN_POINT('',(111.260580743918,20.,30.5));
#2234=CARTESIAN_POINT('',(111.260580743918,0.,21.));
#2235=CARTESIAN_POINT('Origin',(115.260580743918,0.,21.));
#2236=CARTESIAN_POINT('',(115.260580743918,0.,21.));
#2237=CARTESIAN_POINT('',(76.7855807439183,0.,21.));
#2238=CARTESIAN_POINT('',(115.260580743918,20.,21.));
#2239=CARTESIAN_POINT('',(111.260580743918,20.,21.));
#2240=CARTESIAN_POINT('',(115.260580743918,0.,21.));
#2241=CARTESIAN_POINT('Origin',(113.260580743918,20.,25.75));
#2242=CARTESIAN_POINT('',(115.260580743918,20.,30.5));
#2243=CARTESIAN_POINT('',(114.260580743918,20.,30.5));
#2244=CARTESIAN_POINT('',(115.260580743918,20.,-2.375));
#2245=CARTESIAN_POINT('Origin',(115.260580743918,0.,30.5));
#2246=CARTESIAN_POINT('',(21.3605807439183,0.,30.5));
#2247=CARTESIAN_POINT('',(76.7855807439183,0.,30.5));
#2248=CARTESIAN_POINT('',(21.3605807439183,55.,30.5));
#2249=CARTESIAN_POINT('',(21.3605807439183,0.,30.5));
#2250=CARTESIAN_POINT('',(13.3605807439183,55.,30.5));
#2251=CARTESIAN_POINT('',(66.3105807439183,55.,30.5));
#2252=CARTESIAN_POINT('',(13.3605807439183,0.,30.5));
#2253=CARTESIAN_POINT('',(13.3605807439183,0.,30.5));
#2254=CARTESIAN_POINT('',(-26.6394192560817,0.,30.5));
#2255=CARTESIAN_POINT('',(76.7855807439183,0.,30.5));
#2256=CARTESIAN_POINT('',(-26.6394192560817,18.,30.5));
#2257=CARTESIAN_POINT('',(-26.6394192560817,0.,30.5));
#2258=CARTESIAN_POINT('',(-38.6394192560817,18.,30.5));
#2259=CARTESIAN_POINT('',(41.3105807439183,18.,30.5));
#2260=CARTESIAN_POINT('',(-38.6394192560817,75.,30.5));
#2261=CARTESIAN_POINT('',(-38.6394192560817,0.,30.5));
#2262=CARTESIAN_POINT('',(115.260580743918,75.,30.5));
#2263=CARTESIAN_POINT('',(115.260580743918,75.,30.5));
#2264=CARTESIAN_POINT('',(115.260580743918,0.,30.5));
#2265=CARTESIAN_POINT('',(29.1105807439183,40.,30.5));
#2266=CARTESIAN_POINT('Origin',(41.3605807439183,40.,30.5));
#2267=CARTESIAN_POINT('',(92.3605807439183,49.5884572681199,30.5));
#2268=CARTESIAN_POINT('',(92.3605807439183,55.,30.5));
#2269=CARTESIAN_POINT('',(92.3605807439183,49.79422863406,30.5));
#2270=CARTESIAN_POINT('',(74.3605807439183,55.,30.5));
#2271=CARTESIAN_POINT('',(99.3105807439183,55.,30.5));
#2272=CARTESIAN_POINT('',(74.3605807439183,49.5884572681199,30.5));
#2273=CARTESIAN_POINT('',(74.3605807439183,49.79422863406,30.5));
#2274=CARTESIAN_POINT('',(83.3605807439183,34.,30.5));
#2275=CARTESIAN_POINT('',(74.3605807439183,49.5884572681199,30.5));
#2276=CARTESIAN_POINT('',(92.3605807439183,49.5884572681199,30.5));
#2277=CARTESIAN_POINT('Origin',(111.260580743918,0.,-30.5));
#2278=CARTESIAN_POINT('',(111.260580743918,0.,-21.));
#2279=CARTESIAN_POINT('',(111.260580743918,0.,-30.5));
#2280=CARTESIAN_POINT('',(111.260580743918,0.,-15.25));
#2281=CARTESIAN_POINT('',(111.260580743918,20.,-21.));
#2282=CARTESIAN_POINT('',(111.260580743918,0.,-21.));
#2283=CARTESIAN_POINT('',(111.260580743918,20.,-30.5));
#2284=CARTESIAN_POINT('',(111.260580743918,20.,-21.));
#2285=CARTESIAN_POINT('',(111.260580743918,0.,-30.5));
#2286=CARTESIAN_POINT('Origin',(111.260580743918,0.,-21.));
#2287=CARTESIAN_POINT('',(115.260580743918,0.,-21.));
#2288=CARTESIAN_POINT('',(74.7855807439183,0.,-21.));
#2289=CARTESIAN_POINT('',(115.260580743918,20.,-21.));
#2290=CARTESIAN_POINT('',(115.260580743918,0.,-21.));
#2291=CARTESIAN_POINT('',(115.260580743918,20.,-21.));
#2292=CARTESIAN_POINT('Origin',(113.260580743918,20.,-25.75));
#2293=CARTESIAN_POINT('',(115.260580743918,20.,-30.5));
#2294=CARTESIAN_POINT('',(115.260580743918,20.,-28.125));
#2295=CARTESIAN_POINT('',(37.3105807439183,20.,-30.5));
#2296=CARTESIAN_POINT('Origin',(38.3105807439183,0.,0.));
#2297=CARTESIAN_POINT('',(115.260580743918,0.,6.));
#2298=CARTESIAN_POINT('',(115.260580743918,0.,-15.25));
#2299=CARTESIAN_POINT('',(111.260580743918,0.,6.));
#2300=CARTESIAN_POINT('',(74.7855807439183,0.,5.99999999999997));
#2301=CARTESIAN_POINT('',(111.260580743918,0.,-6.));
#2302=CARTESIAN_POINT('',(111.260580743918,0.,-3.));
#2303=CARTESIAN_POINT('',(115.260580743918,0.,-6.));
#2304=CARTESIAN_POINT('',(76.7855807439183,0.,-6.00000000000003));
#2305=CARTESIAN_POINT('',(115.260580743918,0.,-15.25));
#2306=CARTESIAN_POINT('',(21.3605807439183,0.,-30.5));
#2307=CARTESIAN_POINT('',(-0.164419256081671,0.,-30.5));
#2308=CARTESIAN_POINT('',(21.3605807439183,0.,-18.5));
#2309=CARTESIAN_POINT('',(21.3605807439183,0.,-9.25));
#2310=CARTESIAN_POINT('',(13.3605807439183,0.,-18.5));
#2311=CARTESIAN_POINT('',(25.8355807439183,0.,-18.5));
#2312=CARTESIAN_POINT('',(13.3605807439183,0.,-30.5));
#2313=CARTESIAN_POINT('',(13.3605807439183,0.,-15.25));
#2314=CARTESIAN_POINT('',(-26.6394192560817,0.,-30.5));
#2315=CARTESIAN_POINT('',(-0.164419256081671,0.,-30.5));
#2316=CARTESIAN_POINT('',(-26.6394192560817,0.,-14.5));
#2317=CARTESIAN_POINT('',(-26.6394192560817,0.,-7.25));
#2318=CARTESIAN_POINT('',(-38.6394192560817,0.,-14.5));
#2319=CARTESIAN_POINT('',(-0.164419256081669,0.,-14.5));
#2320=CARTESIAN_POINT('',(-38.6394192560817,0.,14.5));
#2321=CARTESIAN_POINT('',(-38.6394192560817,0.,15.25));
#2322=CARTESIAN_POINT('',(-26.6394192560817,0.,14.5));
#2323=CARTESIAN_POINT('',(5.83558074391833,0.,14.5));
#2324=CARTESIAN_POINT('',(-26.6394192560817,0.,15.25));
#2325=CARTESIAN_POINT('',(13.3605807439183,0.,18.5));
#2326=CARTESIAN_POINT('',(13.3605807439183,0.,9.25000000000001));
#2327=CARTESIAN_POINT('',(21.3605807439183,0.,18.5));
#2328=CARTESIAN_POINT('',(29.8355807439183,0.,18.5));
#2329=CARTESIAN_POINT('',(21.3605807439183,0.,15.25));
#2330=CARTESIAN_POINT('Origin',(15.3605807439183,50.,-26.));
#2331=CARTESIAN_POINT('',(21.3605807439183,50.,-26.));
#2332=CARTESIAN_POINT('',(15.3605807439183,50.,-26.));
#2333=CARTESIAN_POINT('',(16.3605807439183,50.,-26.));
#2334=CARTESIAN_POINT('',(21.3605807439183,55.,-26.));
#2335=CARTESIAN_POINT('',(21.3605807439183,50.,-26.));
#2336=CARTESIAN_POINT('',(15.3605807439183,55.,-26.));
#2337=CARTESIAN_POINT('',(13.3605807439183,55.,-26.));
#2338=CARTESIAN_POINT('',(15.3605807439183,50.,-26.));
#2339=CARTESIAN_POINT('Origin',(15.3605807439183,50.,-18.5));
#2340=CARTESIAN_POINT('',(15.3605807439183,50.,-18.5));
#2341=CARTESIAN_POINT('',(15.3605807439183,50.,-21.5));
#2342=CARTESIAN_POINT('',(15.3605807439183,55.,-18.5));
#2343=CARTESIAN_POINT('',(15.3605807439183,55.,-26.));
#2344=CARTESIAN_POINT('',(15.3605807439183,50.,-18.5));
#2345=CARTESIAN_POINT('Origin',(17.3605807439183,55.,-24.5));
#2346=CARTESIAN_POINT('',(21.3605807439183,55.,-30.5));
#2347=CARTESIAN_POINT('',(21.3605807439183,55.,-18.5));
#2348=CARTESIAN_POINT('',(13.3605807439183,55.,-30.5));
#2349=CARTESIAN_POINT('',(-10.6394192560817,55.,-30.5));
#2350=CARTESIAN_POINT('',(13.3605807439183,55.,-18.5));
#2351=CARTESIAN_POINT('',(13.3605807439183,55.,-30.5));
#2352=CARTESIAN_POINT('',(13.3605807439183,55.,-18.5));
#2353=CARTESIAN_POINT('Origin',(-38.6394192560817,0.,-30.5));
#2354=CARTESIAN_POINT('',(115.260580743918,75.,-30.5));
#2355=CARTESIAN_POINT('',(115.260580743918,0.,-30.5));
#2356=CARTESIAN_POINT('',(-38.6394192560817,75.,-30.5));
#2357=CARTESIAN_POINT('',(-38.6394192560817,75.,-30.5));
#2358=CARTESIAN_POINT('',(-38.6394192560817,18.,-30.5));
#2359=CARTESIAN_POINT('',(-38.6394192560817,0.,-30.5));
#2360=CARTESIAN_POINT('',(-26.6394192560817,18.,-30.5));
#2361=CARTESIAN_POINT('',(-35.6394192560817,18.,-30.5));
#2362=CARTESIAN_POINT('',(-26.6394192560817,0.,-30.5));
#2363=CARTESIAN_POINT('',(13.3605807439183,0.,-30.5));
#2364=CARTESIAN_POINT('',(21.3605807439183,0.,-30.5));
#2365=CARTESIAN_POINT('',(29.1105807439183,40.,-30.5));
#2366=CARTESIAN_POINT('Origin',(41.3605807439183,40.,-30.5));
#2367=CARTESIAN_POINT('',(92.3605807439183,55.,-30.5));
#2368=CARTESIAN_POINT('',(92.3605807439183,49.5884572681199,-30.5));
#2369=CARTESIAN_POINT('',(92.3605807439183,49.79422863406,-30.5));
#2370=CARTESIAN_POINT('',(83.3605807439183,34.,-30.5));
#2371=CARTESIAN_POINT('',(92.3605807439183,49.5884572681199,-30.5));
#2372=CARTESIAN_POINT('',(74.3605807439183,49.5884572681199,-30.5));
#2373=CARTESIAN_POINT('',(74.3605807439183,49.5884572681199,-30.5));
#2374=CARTESIAN_POINT('',(74.3605807439183,55.,-30.5));
#2375=CARTESIAN_POINT('',(74.3605807439183,49.79422863406,-30.5));
#2376=CARTESIAN_POINT('',(22.3605807439183,55.,-30.5));
#2377=CARTESIAN_POINT('Origin',(21.3605807439183,50.,26.));
#2378=CARTESIAN_POINT('',(15.3605807439183,50.,26.));
#2379=CARTESIAN_POINT('',(21.3605807439183,50.,26.));
#2380=CARTESIAN_POINT('',(19.3605807439183,50.,26.));
#2381=CARTESIAN_POINT('',(15.3605807439183,55.,26.));
#2382=CARTESIAN_POINT('',(15.3605807439183,50.,26.));
#2383=CARTESIAN_POINT('',(21.3605807439183,55.,26.));
#2384=CARTESIAN_POINT('',(13.3605807439183,55.,26.));
#2385=CARTESIAN_POINT('',(21.3605807439183,50.,26.));
#2386=CARTESIAN_POINT('Origin',(15.3605807439183,50.,26.));
#2387=CARTESIAN_POINT('',(15.3605807439183,50.,18.5));
#2388=CARTESIAN_POINT('',(15.3605807439183,50.,25.25));
#2389=CARTESIAN_POINT('',(15.3605807439183,55.,18.5));
#2390=CARTESIAN_POINT('',(15.3605807439183,50.,18.5));
#2391=CARTESIAN_POINT('',(15.3605807439183,55.,26.));
#2392=CARTESIAN_POINT('Origin',(17.3605807439183,55.,24.5));
#2393=CARTESIAN_POINT('',(13.3605807439183,55.,18.5));
#2394=CARTESIAN_POINT('',(21.3605807439183,55.,18.5));
#2395=CARTESIAN_POINT('',(13.3605807439183,55.,18.5));
#2396=CARTESIAN_POINT('',(21.3605807439183,55.,30.5));
#2397=CARTESIAN_POINT('Origin',(17.3605807439183,50.,24.5));
#2398=CARTESIAN_POINT('',(21.3605807439183,50.,18.5));
#2399=CARTESIAN_POINT('',(21.3605807439183,50.,30.5));
#2400=CARTESIAN_POINT('',(21.3605807439183,50.,18.5));
#2401=CARTESIAN_POINT('Origin',(75.5663521098583,50.,-26.));
#2402=CARTESIAN_POINT('',(87.3605807439183,50.,-26.));
#2403=CARTESIAN_POINT('',(75.5663521098583,50.,-26.));
#2404=CARTESIAN_POINT('',(83.9634664268883,50.,-26.));
#2405=CARTESIAN_POINT('',(87.3605807439183,55.,-26.));
#2406=CARTESIAN_POINT('',(87.3605807439183,50.,-26.));
#2407=CARTESIAN_POINT('',(75.5663521098583,55.,-26.));
#2408=CARTESIAN_POINT('',(91.1548093779783,55.,-26.));
#2409=CARTESIAN_POINT('',(75.5663521098583,50.,-26.));
#2410=CARTESIAN_POINT('Origin',(87.3605807439183,50.,-26.));
#2411=CARTESIAN_POINT('',(87.3605807439184,50.,-22.4377422517015));
#2412=CARTESIAN_POINT('',(87.3605807439183,50.,-28.25));
#2413=CARTESIAN_POINT('',(87.3605807439184,55.,-22.4377422517015));
#2414=CARTESIAN_POINT('',(87.3605807439184,50.,-22.4377422517015));
#2415=CARTESIAN_POINT('',(87.3605807439183,55.,-26.));
#2416=CARTESIAN_POINT('Origin',(83.3605807439183,55.,-26.4688711258507));
#2417=CARTESIAN_POINT('Origin',(83.3605807439183,55.,-30.5));
#2418=CARTESIAN_POINT('Origin',(83.3605807439183,55.,-30.5));
#2419=CARTESIAN_POINT('Origin',(92.3605807439183,50.,-30.5));
#2420=CARTESIAN_POINT('Origin',(83.3605807439183,50.,-30.5));
#2421=CARTESIAN_POINT('Origin',(87.3605807439183,50.,26.));
#2422=CARTESIAN_POINT('',(75.5663521098584,50.,26.));
#2423=CARTESIAN_POINT('',(87.3605807439183,50.,26.));
#2424=CARTESIAN_POINT('',(89.8605807439183,50.,26.));
#2425=CARTESIAN_POINT('',(75.5663521098584,55.,26.));
#2426=CARTESIAN_POINT('',(75.5663521098584,50.,26.));
#2427=CARTESIAN_POINT('',(87.3605807439183,55.,26.));
#2428=CARTESIAN_POINT('',(91.1548093779783,55.,26.));
#2429=CARTESIAN_POINT('',(87.3605807439183,50.,26.));
#2430=CARTESIAN_POINT('Origin',(87.3605807439184,50.,22.4377422517015));
#2431=CARTESIAN_POINT('',(87.3605807439184,50.,22.4377422517015));
#2432=CARTESIAN_POINT('',(87.3605807439183,50.,26.4688711258507));
#2433=CARTESIAN_POINT('',(87.3605807439184,55.,22.4377422517015));
#2434=CARTESIAN_POINT('',(87.3605807439183,55.,26.));
#2435=CARTESIAN_POINT('',(87.3605807439184,50.,22.4377422517015));
#2436=CARTESIAN_POINT('Origin',(83.3605807439183,55.,26.4688711258507));
#2437=CARTESIAN_POINT('Origin',(83.3605807439183,55.,30.5));
#2438=CARTESIAN_POINT('Origin',(83.3605807439183,55.,30.5));
#2439=CARTESIAN_POINT('Origin',(76.3605807439183,67.,32.0000004768372));
#2440=CARTESIAN_POINT('',(76.3605807439183,67.7499999999999,32.));
#2441=CARTESIAN_POINT('',(76.3605807439183,66.2500000000002,32.));
#2442=CARTESIAN_POINT('Origin',(76.3605807439183,67.,32.0000004768372));
#2443=CARTESIAN_POINT('',(84.3605807439183,66.2500000000002,32.));
#2444=CARTESIAN_POINT('',(76.3605807439183,66.2500000000002,32.));
#2445=CARTESIAN_POINT('',(84.3605807439183,67.7499999999999,32.));
#2446=CARTESIAN_POINT('Origin',(84.3605807439183,67.,32.0000004768372));
#2447=CARTESIAN_POINT('',(76.3605807439183,67.7499999999999,32.));
#2448=CARTESIAN_POINT('Origin',(84.3605807439183,67.,32.3750002384186));
#2449=CARTESIAN_POINT('',(84.3605807439183,33.5,32.));
#2450=CARTESIAN_POINT('Origin',(76.3605807439183,67.,32.3750002384186));
#2451=CARTESIAN_POINT('',(76.3605807439183,33.5,32.));
#2452=CARTESIAN_POINT('Origin',(76.3605807439183,67.,-32.));
#2453=CARTESIAN_POINT('',(76.3605807439183,66.25,-32.));
#2454=CARTESIAN_POINT('',(76.3605807439183,67.75,-32.));
#2455=CARTESIAN_POINT('Origin',(76.3605807439183,67.,-32.));
#2456=CARTESIAN_POINT('',(84.3605807439183,67.75,-32.));
#2457=CARTESIAN_POINT('',(76.3605807439183,67.75,-32.));
#2458=CARTESIAN_POINT('',(84.3605807439183,66.25,-32.));
#2459=CARTESIAN_POINT('Origin',(84.3605807439183,67.,-32.));
#2460=CARTESIAN_POINT('',(76.3605807439183,66.25,-32.));
#2461=CARTESIAN_POINT('Origin',(84.3605807439183,67.,-32.375));
#2462=CARTESIAN_POINT('',(84.3605807439183,33.5,-32.));
#2463=CARTESIAN_POINT('Origin',(76.3605807439183,67.,-32.375));
#2464=CARTESIAN_POINT('',(76.3605807439183,33.5,-32.));
#2465=CARTESIAN_POINT('Origin',(-8.63941925608167,67.,-32.));
#2466=CARTESIAN_POINT('',(-8.63941925608167,66.25,-32.));
#2467=CARTESIAN_POINT('',(-8.63941925608167,67.75,-32.));
#2468=CARTESIAN_POINT('Origin',(-8.63941925608167,67.,-32.));
#2469=CARTESIAN_POINT('',(-0.639419256081666,67.75,-32.));
#2470=CARTESIAN_POINT('',(-8.63941925608167,67.75,-32.));
#2471=CARTESIAN_POINT('',(-0.639419256081666,66.25,-32.));
#2472=CARTESIAN_POINT('Origin',(-0.639419256081666,67.,-32.));
#2473=CARTESIAN_POINT('',(-8.63941925608167,66.25,-32.));
#2474=CARTESIAN_POINT('Origin',(-0.639419256081666,67.,-32.375));
#2475=CARTESIAN_POINT('',(-0.639419256081668,33.5,-32.));
#2476=CARTESIAN_POINT('Origin',(-8.63941925608167,67.,-32.375));
#2477=CARTESIAN_POINT('',(-8.63941925608167,33.5,-32.));
#2478=CARTESIAN_POINT('Origin',(-8.63941925608167,67.,32.0000004768372));
#2479=CARTESIAN_POINT('',(-8.63941925608167,67.7499999999999,32.));
#2480=CARTESIAN_POINT('',(-8.63941925608167,66.2500000000002,32.));
#2481=CARTESIAN_POINT('Origin',(-8.63941925608167,67.,32.0000004768372));
#2482=CARTESIAN_POINT('',(-0.63941925608167,66.2500000000002,32.));
#2483=CARTESIAN_POINT('',(-8.63941925608167,66.2500000000002,32.));
#2484=CARTESIAN_POINT('',(-0.63941925608167,67.7499999999999,32.));
#2485=CARTESIAN_POINT('Origin',(-0.63941925608167,67.,32.0000004768372));
#2486=CARTESIAN_POINT('',(-8.63941925608167,67.7499999999999,32.));
#2487=CARTESIAN_POINT('Origin',(-0.63941925608167,67.,32.3750002384186));
#2488=CARTESIAN_POINT('',(-0.639419256081677,33.5,32.));
#2489=CARTESIAN_POINT('Origin',(-8.63941925608167,67.,32.3750002384186));
#2490=CARTESIAN_POINT('',(-8.63941925608167,33.5,32.));
#2491=CARTESIAN_POINT('Origin',(41.3605807439183,40.,0.));
#2492=CARTESIAN_POINT('',(29.1105807439183,40.,32.));
#2493=CARTESIAN_POINT('',(29.1105807439183,40.,0.));
#2494=CARTESIAN_POINT('Origin',(41.3605807439183,40.,32.));
#2495=CARTESIAN_POINT('Origin',(41.3605807439183,40.,0.));
#2496=CARTESIAN_POINT('',(29.1105807439183,40.,-32.));
#2497=CARTESIAN_POINT('Origin',(41.3605807439183,40.,-32.));
#2498=CARTESIAN_POINT('',(29.1105807439183,40.,0.));
#2499=CARTESIAN_POINT('Origin',(83.3605807439183,49.79422863406,30.5));
#2500=CARTESIAN_POINT('Origin',(83.3605807439183,49.5884572681199,30.5));
#2501=CARTESIAN_POINT('Origin',(83.3605807439183,50.,30.5));
#2502=CARTESIAN_POINT('Origin',(83.3605807439183,49.5884572681199,30.5));
#2503=CARTESIAN_POINT('Origin',(92.3605807439183,50.,30.5));
#2504=CARTESIAN_POINT('Origin',(83.3605807439183,49.79422863406,-30.5));
#2505=CARTESIAN_POINT('Origin',(83.3605807439183,49.5884572681199,-30.5));
#2506=CARTESIAN_POINT('Origin',(83.3605807439183,49.5884572681199,-30.5));
#2507=CARTESIAN_POINT('Origin',(115.260580743918,0.,-30.5));
#2508=CARTESIAN_POINT('',(115.260580743918,0.,-32.));
#2509=CARTESIAN_POINT('',(115.260580743918,-1.5,-30.5));
#2510=CARTESIAN_POINT('Origin',(115.260580743918,0.,-30.5));
#2511=CARTESIAN_POINT('',(116.760580743918,0.,-30.5));
#2512=CARTESIAN_POINT('Origin',(115.260580743918,0.,-30.5));
#2513=CARTESIAN_POINT('Origin',(115.260580743918,0.,-30.5));
#2514=CARTESIAN_POINT('Origin',(115.260580743918,0.,-30.5));
#2515=CARTESIAN_POINT('',(115.260580743918,75.,-32.));
#2516=CARTESIAN_POINT('',(116.760580743918,75.,-30.5));
#2517=CARTESIAN_POINT('Origin',(115.260580743918,75.,-30.5));
#2518=CARTESIAN_POINT('',(116.760580743918,0.,-30.5));
#2519=CARTESIAN_POINT('',(115.260580743918,0.,-32.));
#2520=CARTESIAN_POINT('Origin',(-38.6394192560817,0.,-30.5));
#2521=CARTESIAN_POINT('',(-40.1394192560817,0.,-30.5));
#2522=CARTESIAN_POINT('',(-38.6394192560817,-1.5,-30.5));
#2523=CARTESIAN_POINT('Origin',(-38.6394192560817,0.,-30.5));
#2524=CARTESIAN_POINT('',(-38.6394192560817,0.,-32.));
#2525=CARTESIAN_POINT('Origin',(-38.6394192560817,0.,-30.5));
#2526=CARTESIAN_POINT('Origin',(-38.6394192560817,0.,-30.5));
#2527=CARTESIAN_POINT('Origin',(-38.6394192560817,0.,-30.5));
#2528=CARTESIAN_POINT('',(-40.1394192560817,75.,-30.5));
#2529=CARTESIAN_POINT('',(-38.6394192560817,75.,-32.));
#2530=CARTESIAN_POINT('Origin',(-38.6394192560817,75.,-30.5));
#2531=CARTESIAN_POINT('',(-38.6394192560817,0.,-32.));
#2532=CARTESIAN_POINT('',(-40.1394192560817,0.,-30.5));
#2533=CARTESIAN_POINT('Origin',(-0.914419256081671,0.,-30.5));
#2534=CARTESIAN_POINT('',(-0.914419256081671,-1.5,-30.5));
#2535=CARTESIAN_POINT('',(-0.914419256081671,0.,-32.));
#2536=CARTESIAN_POINT('Origin',(115.260580743918,0.,30.5));
#2537=CARTESIAN_POINT('',(116.760580743918,0.,30.5));
#2538=CARTESIAN_POINT('',(115.260580743918,-1.5,30.5));
#2539=CARTESIAN_POINT('Origin',(115.260580743918,0.,30.5));
#2540=CARTESIAN_POINT('',(115.260580743918,0.,32.));
#2541=CARTESIAN_POINT('Origin',(115.260580743918,0.,30.5));
#2542=CARTESIAN_POINT('Origin',(115.260580743918,0.,30.5));
#2543=CARTESIAN_POINT('Origin',(115.260580743918,0.,30.5));
#2544=CARTESIAN_POINT('',(116.760580743918,75.,30.5));
#2545=CARTESIAN_POINT('',(115.260580743918,75.,32.));
#2546=CARTESIAN_POINT('Origin',(115.260580743918,75.,30.5));
#2547=CARTESIAN_POINT('',(115.260580743918,0.,32.));
#2548=CARTESIAN_POINT('',(116.760580743918,0.,30.5));
#2549=CARTESIAN_POINT('Origin',(-38.6394192560817,0.,30.5));
#2550=CARTESIAN_POINT('',(-38.6394192560817,0.,32.));
#2551=CARTESIAN_POINT('',(-38.6394192560817,-1.5,30.5));
#2552=CARTESIAN_POINT('Origin',(-38.6394192560817,0.,30.5));
#2553=CARTESIAN_POINT('',(-40.1394192560817,0.,30.5));
#2554=CARTESIAN_POINT('Origin',(-38.6394192560817,0.,30.5));
#2555=CARTESIAN_POINT('Origin',(-38.6394192560817,0.,30.5));
#2556=CARTESIAN_POINT('Origin',(-38.6394192560817,0.,30.5));
#2557=CARTESIAN_POINT('',(-38.6394192560817,75.,32.));
#2558=CARTESIAN_POINT('',(-40.1394192560817,75.,30.5));
#2559=CARTESIAN_POINT('Origin',(-38.6394192560817,75.,30.5));
#2560=CARTESIAN_POINT('',(-40.1394192560817,0.,30.5));
#2561=CARTESIAN_POINT('',(-38.6394192560817,0.,32.));
#2562=CARTESIAN_POINT('Origin',(-38.6394192560817,0.,16.));
#2563=CARTESIAN_POINT('',(-38.6394192560817,-1.5,16.));
#2564=CARTESIAN_POINT('',(-40.1394192560817,0.,16.));
#2565=CARTESIAN_POINT('Origin',(77.5355807439183,0.,30.5));
#2566=CARTESIAN_POINT('',(77.5355807439183,-1.5,30.5));
#2567=CARTESIAN_POINT('',(77.5355807439183,0.,32.));
#2568=CARTESIAN_POINT('Origin',(115.260580743918,0.,-16.));
#2569=CARTESIAN_POINT('',(115.260580743918,-1.5,-16.));
#2570=CARTESIAN_POINT('',(116.760580743918,0.,-16.));
#2571=CARTESIAN_POINT('Origin',(-40.1394192560817,0.,-32.));
#2572=CARTESIAN_POINT('',(-40.1394192560817,75.,-32.));
#2573=CARTESIAN_POINT('Origin',(-40.1394192560817,0.,32.));
#2574=CARTESIAN_POINT('',(-40.1394192560817,75.,32.));
#2575=CARTESIAN_POINT('',(-40.1394192560817,44.4,-15.06));
#2576=CARTESIAN_POINT('',(-40.1394192560817,44.4,15.06));
#2577=CARTESIAN_POINT('',(-40.1394192560817,44.4,8.46999999999999));
#2578=CARTESIAN_POINT('',(-40.1394192560817,11.9,15.06));
#2579=CARTESIAN_POINT('',(-40.1394192560817,22.2,15.06));
#2580=CARTESIAN_POINT('',(-40.1394192560817,11.9,-15.06));
#2581=CARTESIAN_POINT('',(-40.1394192560817,11.9,23.53));
#2582=CARTESIAN_POINT('',(-40.1394192560817,5.95,-15.06));
#2583=CARTESIAN_POINT('Origin',(38.3105807439183,-1.5,0.));
#2584=CARTESIAN_POINT('Origin',(111.260580743918,0.,6.));
#2585=CARTESIAN_POINT('',(115.260580743918,12.,6.));
#2586=CARTESIAN_POINT('',(115.260580743918,0.,6.));
#2587=CARTESIAN_POINT('',(111.260580743918,12.,6.));
#2588=CARTESIAN_POINT('',(111.260580743918,12.,6.));
#2589=CARTESIAN_POINT('',(111.260580743918,0.,6.));
#2590=CARTESIAN_POINT('Origin',(111.260580743918,0.,-6.));
#2591=CARTESIAN_POINT('',(111.260580743918,12.,-6.));
#2592=CARTESIAN_POINT('',(111.260580743918,12.,-6.));
#2593=CARTESIAN_POINT('',(111.260580743918,0.,-6.));
#2594=CARTESIAN_POINT('Origin',(115.260580743918,0.,-6.));
#2595=CARTESIAN_POINT('',(115.260580743918,12.,-6.));
#2596=CARTESIAN_POINT('',(115.260580743918,12.,-6.));
#2597=CARTESIAN_POINT('',(115.260580743918,0.,-6.));
#2598=CARTESIAN_POINT('Origin',(113.260580743918,12.,-2.22044604925031E-15));
#2599=CARTESIAN_POINT('',(115.260580743918,12.,-15.25));
#2600=CARTESIAN_POINT('Origin',(116.760580743918,27.2,1.43656277910375E-14));
#2601=CARTESIAN_POINT('',(116.760580743918,27.2,12.25));
#2602=CARTESIAN_POINT('Origin',(116.760580743918,27.2,1.43656277910375E-14));
#2603=CARTESIAN_POINT('',(115.260580743918,27.2,12.25));
#2604=CARTESIAN_POINT('',(116.760580743918,27.2,12.25));
#2605=CARTESIAN_POINT('Origin',(115.260580743918,27.2,1.43656277910375E-14));
#2606=CARTESIAN_POINT('Origin',(-40.1394192560817,44.4,-15.06));
#2607=CARTESIAN_POINT('',(-38.6394192560817,44.4,-15.06));
#2608=CARTESIAN_POINT('',(-40.1394192560817,44.4,-15.06));
#2609=CARTESIAN_POINT('',(-38.6394192560817,44.4,15.06));
#2610=CARTESIAN_POINT('',(-38.6394192560817,44.4,7.71999999999999));
#2611=CARTESIAN_POINT('',(-40.1394192560817,44.4,15.06));
#2612=CARTESIAN_POINT('Origin',(-40.1394192560817,11.9,-15.06));
#2613=CARTESIAN_POINT('',(-38.6394192560817,11.9,-15.06));
#2614=CARTESIAN_POINT('',(-40.1394192560817,11.9,-15.06));
#2615=CARTESIAN_POINT('',(-38.6394192560817,5.95,-15.06));
#2616=CARTESIAN_POINT('Origin',(-40.1394192560817,11.9,15.06));
#2617=CARTESIAN_POINT('',(-38.6394192560817,11.9,15.06));
#2618=CARTESIAN_POINT('',(-40.1394192560817,11.9,15.06));
#2619=CARTESIAN_POINT('',(-38.6394192560817,11.9,22.78));
#2620=CARTESIAN_POINT('Origin',(-40.1394192560817,44.4,15.06));
#2621=CARTESIAN_POINT('',(-38.6394192560817,22.2,15.06));
#2622=CARTESIAN_POINT('Origin',(13.3605807439183,0.,-30.5));
#2623=CARTESIAN_POINT('',(13.3605807439183,0.,-18.5));
#2624=CARTESIAN_POINT('Origin',(21.3605807439183,0.,-18.5));
#2625=CARTESIAN_POINT('',(21.3605807439183,50.,-18.5));
#2626=CARTESIAN_POINT('',(21.3605807439183,50.,-30.5));
#2627=CARTESIAN_POINT('',(21.3605807439183,0.,-18.5));
#2628=CARTESIAN_POINT('Origin',(13.3605807439183,0.,-18.5));
#2629=CARTESIAN_POINT('',(21.3605807439183,50.,-18.5));
#2630=CARTESIAN_POINT('Origin',(17.3605807439183,50.,-24.5));
#2631=CARTESIAN_POINT('Origin',(13.3605807439183,0.,18.5));
#2632=CARTESIAN_POINT('',(13.3605807439183,0.,18.5));
#2633=CARTESIAN_POINT('Origin',(21.3605807439183,0.,18.5));
#2634=CARTESIAN_POINT('',(21.3605807439183,0.,18.5));
#2635=CARTESIAN_POINT('Origin',(21.3605807439183,0.,30.5));
#2636=CARTESIAN_POINT('Origin',(-38.6394192560817,0.,-24.45));
#2637=CARTESIAN_POINT('',(-26.6394192560817,4.6,-24.45));
#2638=CARTESIAN_POINT('',(-38.6394192560817,4.6,-24.45));
#2639=CARTESIAN_POINT('',(-35.6394192560817,4.6,-24.45));
#2640=CARTESIAN_POINT('',(-26.6394192560817,18.,-24.45));
#2641=CARTESIAN_POINT('',(-26.6394192560817,0.,-24.45));
#2642=CARTESIAN_POINT('',(-38.6394192560817,18.,-24.45));
#2643=CARTESIAN_POINT('',(-38.6394192560817,18.,-24.45));
#2644=CARTESIAN_POINT('',(-38.6394192560817,0.,-24.45));
#2645=CARTESIAN_POINT('Origin',(-32.6394192560817,18.,-27.475));
#2646=CARTESIAN_POINT('',(-38.6394192560817,18.,1.5125));
#2647=CARTESIAN_POINT('',(-26.6394192560817,18.,-30.5));
#2648=CARTESIAN_POINT('Origin',(-26.6394192560817,0.,-14.5));
#2649=CARTESIAN_POINT('',(-26.6394192560817,4.6,-14.5));
#2650=CARTESIAN_POINT('',(-26.6394192560817,4.6,-30.5));
#2651=CARTESIAN_POINT('',(-26.6394192560817,0.,-14.5));
#2652=CARTESIAN_POINT('Origin',(-32.6394192560817,4.6,-22.5));
#2653=CARTESIAN_POINT('',(-38.6394192560817,4.6,-14.5));
#2654=CARTESIAN_POINT('',(-38.6394192560817,4.6,4.));
#2655=CARTESIAN_POINT('',(-26.6394192560817,4.6,-14.5));
#2656=CARTESIAN_POINT('Origin',(-26.6394192560817,0.,24.45));
#2657=CARTESIAN_POINT('',(-38.6394192560817,4.6,24.45));
#2658=CARTESIAN_POINT('',(-26.6394192560817,4.6,24.45));
#2659=CARTESIAN_POINT('',(-29.6394192560817,4.6,24.45));
#2660=CARTESIAN_POINT('',(-38.6394192560817,18.,24.45));
#2661=CARTESIAN_POINT('',(-38.6394192560817,0.,24.45));
#2662=CARTESIAN_POINT('',(-26.6394192560817,18.,24.45));
#2663=CARTESIAN_POINT('',(-26.6394192560817,18.,24.45));
#2664=CARTESIAN_POINT('',(-26.6394192560817,0.,24.45));
#2665=CARTESIAN_POINT('Origin',(-32.6394192560817,18.,27.475));
#2666=CARTESIAN_POINT('',(-38.6394192560817,18.,28.9875));
#2667=CARTESIAN_POINT('',(-26.6394192560817,18.,30.5));
#2668=CARTESIAN_POINT('Origin',(-38.6394192560817,0.,30.5));
#2669=CARTESIAN_POINT('',(-38.6394192560817,75.,30.5));
#2670=CARTESIAN_POINT('',(-38.6394192560817,4.6,14.5));
#2671=CARTESIAN_POINT('',(-38.6394192560817,4.6,26.5));
#2672=CARTESIAN_POINT('',(-38.6394192560817,0.,14.5));
#2673=CARTESIAN_POINT('',(-38.6394192560817,0.,-14.5));
#2674=CARTESIAN_POINT('Origin',(-32.6394192560817,4.6,22.5));
#2675=CARTESIAN_POINT('',(-26.6394192560817,4.6,14.5));
#2676=CARTESIAN_POINT('',(-26.6394192560817,4.6,30.5));
#2677=CARTESIAN_POINT('',(-26.6394192560817,4.6,14.5));
#2678=CARTESIAN_POINT('Origin',(-26.6394192560817,0.,30.5));
#2679=CARTESIAN_POINT('',(-26.6394192560817,0.,14.5));
#2680=CARTESIAN_POINT('Origin',(-38.6394192560817,0.,-14.5));
#2681=CARTESIAN_POINT('Origin',(-26.6394192560817,0.,14.5));
#2682=CARTESIAN_POINT('Origin',(115.260580743918,0.,-30.5));
#2683=CARTESIAN_POINT('',(115.260580743918,75.,-30.5));
#2684=CARTESIAN_POINT('Origin',(38.3105807439183,75.,0.));
#2685=CARTESIAN_POINT('',(116.760580743918,75.,32.));
#2686=CARTESIAN_POINT('',(116.760580743918,75.,-32.));
#2687=CARTESIAN_POINT('Origin',(116.760580743918,0.,32.));
#2688=CARTESIAN_POINT('Origin',(116.760580743918,0.,-32.));
#2689=UNCERTAINTY_MEASURE_WITH_UNIT(LENGTH_MEASURE(0.01),#2693,
'DISTANCE_ACCURACY_VALUE',
'Maximum model space distance between geometric entities at asserted c
onnectivities');
#2690=UNCERTAINTY_MEASURE_WITH_UNIT(LENGTH_MEASURE(0.01),#2693,
'DISTANCE_ACCURACY_VALUE',
'Maximum model space distance between geometric entities at asserted c
onnectivities');
#2691=(
GEOMETRIC_REPRESENTATION_CONTEXT(3)
GLOBAL_UNCERTAINTY_ASSIGNED_CONTEXT((#2689))
GLOBAL_UNIT_ASSIGNED_CONTEXT((#2693,#2695,#2696))
REPRESENTATION_CONTEXT('','3D')
);
#2692=(
GEOMETRIC_REPRESENTATION_CONTEXT(3)
GLOBAL_UNCERTAINTY_ASSIGNED_CONTEXT((#2690))
GLOBAL_UNIT_ASSIGNED_CONTEXT((#2693,#2695,#2696))
REPRESENTATION_CONTEXT('','3D')
);
#2693=(
LENGTH_UNIT()
NAMED_UNIT(*)
SI_UNIT(.MILLI.,.METRE.)
);
#2694=(
LENGTH_UNIT()
NAMED_UNIT(*)
SI_UNIT($,.METRE.)
);
#2695=(
NAMED_UNIT(*)
PLANE_ANGLE_UNIT()
SI_UNIT($,.RADIAN.)
);
#2696=(
NAMED_UNIT(*)
SI_UNIT($,.STERADIAN.)
SOLID_ANGLE_UNIT()
);
#2697=SHAPE_DEFINITION_REPRESENTATION(#2698,#2699);
#2698=PRODUCT_DEFINITION_SHAPE('',$,#2701);
#2699=SHAPE_REPRESENTATION('',(#1655),#2691);
#2700=PRODUCT_DEFINITION_CONTEXT('part definition',#2705,'design');
#2701=PRODUCT_DEFINITION('2026-07-30-20-26-02-898','Box',#2702,#2700);
#2702=PRODUCT_DEFINITION_FORMATION('',$,#2707);
#2703=PRODUCT_RELATED_PRODUCT_CATEGORY('Box','Box',(#2707));
#2704=APPLICATION_PROTOCOL_DEFINITION('international standard',
'automotive_design',2009,#2705);
#2705=APPLICATION_CONTEXT(
'Core Data for Automotive Mechanical Design Process');
#2706=PRODUCT_CONTEXT('part definition',#2705,'mechanical');
#2707=PRODUCT('2026-07-30-20-26-02-898','Box',$,(#2706));
#2708=PRESENTATION_STYLE_ASSIGNMENT((#2710));
#2709=PRESENTATION_STYLE_ASSIGNMENT((#2711));
#2710=SURFACE_STYLE_USAGE(.BOTH.,#2712);
#2711=SURFACE_STYLE_USAGE(.BOTH.,#2713);
#2712=SURFACE_SIDE_STYLE('',(#2714));
#2713=SURFACE_SIDE_STYLE('',(#2715));
#2714=SURFACE_STYLE_FILL_AREA(#2716);
#2715=SURFACE_STYLE_FILL_AREA(#2717);
#2716=FILL_AREA_STYLE('Steel - Satin',(#2718));
#2717=FILL_AREA_STYLE('Glass (Bronze)',(#2719));
#2718=FILL_AREA_STYLE_COLOUR('Steel - Satin',#2720);
#2719=FILL_AREA_STYLE_COLOUR('Glass (Bronze)',#2721);
#2720=COLOUR_RGB('Steel - Satin',0.627450980392157,0.627450980392157,0.627450980392157);
#2721=COLOUR_RGB('Glass (Bronze)',0.627450980392157,0.486274509803922,0.349019607843137);
ENDSEC;
END-ISO-10303-21;
